dist_to_river,elevation,label,latitude,longitude,rainfall,slope
510.0,66,0,10.6523116498881,76.3487250579835,69.81617140197451,1.37777245044708
818.840643837371,297,0,10.3244265711845,76.5777954554339,53.60963663441204,5.43778848648071
618.465843842649,2,0,10.3468844532875,76.1600788483184,30.952761628632775,1.05058693885803
234.3074902772,544,0,10.3266723593948,76.6653811956356,81.37950197069486,12.619683265686
1146.29839047257,20,0,10.6029043092616,76.1286378133742,68.47311725538793,0.684641778469086
331.360830515618,92,0,10.5265475101114,76.3577082108247,16.26169393448913,1.19831275939941
510.881590977792,100,0,10.5265475101114,76.3442334815629,91.09271844938425,2.15790748596191
553.172667437573,104,0,10.5198101454805,76.3419876933526,82.2537242923169,8.22652339935303
1608.01119399089,17,0,10.6657863791499,76.1174088723227,94.9799913291924,0.679153680801392
492.036584005702,7,0,10.1964166431975,76.2656308942024,72.571950838836,0.743802964687347
658.634952003005,6,0,10.2009082196181,76.2858429880951,61.34151959357899,1.39096307754517
1698.38158256618,49,0,10.7376516018795,76.2386814356788,41.82430362906189,5.60275363922119
1008.4641788383,51,0,10.4075207349656,76.3958866103997,93.27284833540132,2.53365731239319
1410.31911282518,149,0,10.726422660828,76.3666913636658,86.60638895004084,6.62976360321045
1248.87949778992,266,0,10.3536218179184,76.5530917851207,4.521867010618941,14.7743453979492
990.0,99,0,10.3558676061287,76.4744891977602,2.6366974497252005,6.23194122314453
1466.32192918199,35,0,10.425487040648,76.3330045405114,37.64633668780496,0.353643178939819
212.132034355964,853,0,10.3379013004463,76.7417379947858,81.0553330781833,17.8368225097656
1879.49461292125,34,0,10.7017189905147,76.1039341430609,98.72761293149445,0.586248338222504
30.0,3,0,10.2368408309829,76.2229609182068,15.041689110352818,0.591511428356171
182.482875908947,13,0,10.2166287370902,76.1668162129492,59.41307153521351,0.262586563825607
240.0,12,0,10.2413324074035,76.2633851059921,38.08908566310215,1.07876288890839
810.555365166378,10,0,10.5018438397981,76.1533414836875,96.99143978146031,1.26045155525208
1597.05979850474,282,0,10.3109518419227,76.487963927022,84.21189231357087,19.8269462585449
1592.54513279844,335,0,10.3064602655021,76.5194049619662,83.83287047111378,7.2621054649353
283.019433961698,598,0,10.3221807829742,76.6743643484768,46.86931597949703,4.58232736587524
1935.40693395472,22,0,10.2929855362403,76.427327645344,41.48195023376652,4.02059698104858
1154.12304370028,11,0,10.3289181476051,76.2588935295715,27.340707193070624,0.58311653137207
276.586333718787,9,0,10.3603591825493,76.1263920251639,5.6375496650927115,0.165322884917259
606.712452484701,84,0,10.4299786170686,76.420590280713,86.47223762550531,11.8977737426758
1576.64200121651,37,0,10.7443889665104,76.3577082108247,81.29010091300776,7.10733699798584
295.465734053883,19,0,10.5265475101114,76.0994425666403,99.97176732861305,1.61796450614929
342.052627529741,406,0,10.4052749467553,76.4834723506014,99.66368370739053,24.9278564453125
318.90437438204,16,0,10.2705276541373,76.2184693417862,55.543170560262745,0.367219299077988
84.8528137423857,426,0,10.3199349947639,76.6451691017429,76.89874151805105,2.07988262176514
331.360830515618,381,0,10.4951064751672,76.3869034575586,94.47657298824281,11.180474281311
60.0,880,0,10.3019686890815,76.7754248179402,84.96473906774115,7.36934757232666
134.164078649987,13,0,10.2570529248755,76.1825367304214,24.734810174319765,0.165295034646988
94.8683298050514,8,0,10.4951064751672,76.0545268024343,45.05441353100935,0.11593621224165
1569.77705423414,12,0,10.2952313244506,76.3509708461938,12.915941515149498,1.24101042747498
1100.22724925353,6,0,10.425487040648,76.1690620011595,95.40510272587224,0.845045804977417
1138.41995766062,25,0,10.3446386650772,76.2207151299964,60.617463445088006,1.26822054386139
1083.74351209131,48,0,10.6949816258838,76.3689371518761,22.864280550346272,1.66467785835266
123.69316876853,9,0,10.2435781956138,76.2207151299964,67.17006844058567,1.15688645839691
1794.24078651668,75,0,10.3042144772918,76.427327645344,61.81282404578958,12.8978061676025
1035.76059009792,15,0,10.3199349947639,76.2588935295715,35.81627180328405,0.478472620248795
2138.43400646361,77,0,10.7241768726177,76.1802909422111,11.355759219962902,2.57331609725952
1412.23227551278,279,0,10.3266723593948,76.4991928680735,67.15731955927996,16.249361038208
2058.66461571573,22,0,10.6747695319911,76.1578330601081,52.03077009037933,2.61668944358826
1086.64621657649,119,0,10.3244265711845,76.5575833615413,77.23183917356393,7.84697103500366
1084.15865997556,28,0,10.3221807829742,76.2656308942024,52.01635011119934,0.165312170982361
1154.12304370028,75,0,10.6478200734675,76.2274524946274,85.21815003185401,1.32325911521912
1763.88775153069,32,0,10.4322244052789,76.2903345645157,55.190683877448556,1.8996639251709
228.473193175917,668,0,10.268281865927,76.705805383421,56.093797153538624,11.0512657165527
1203.37026720789,273,0,10.3064602655021,76.5486002087001,87.66536026583451,23.7107753753662
2162.08232960727,37,0,10.7107021433559,76.1241462369536,40.3482866212397,2.07732248306274
1261.78445068879,7,0,10.5894295799998,76.1488499072669,13.401522845064074,1.65339529514313
201.246117974981,9,0,10.4187496760171,76.0994425666403,2.8782676313338973,0.260114848613739
692.603782836912,11,0,10.3962917939141,76.1488499072669,75.5137255673619,0.422849833965302
969.329665284211,165,0,10.6073958856822,76.2454188003097,62.03095513534647,1.92161452770233
763.675323681471,14,0,10.3042144772918,76.2341898592582,70.40797680992236,0.895113527774811
0.0,808,0,10.3199349947639,76.7417379947858,21.296416150891073,8.45130825042725
30.0,0,0,10.2345950427726,76.2431730120994,13.637147558676975,0.117810741066933
1276.32284317096,31,0,10.3895544292832,76.382411881138,1.4544665667881929,2.68283915519714
1916.71594139559,12,0,10.486123322326,76.2454188003097,35.058755880659696,1.14490973949432
1215.64797536129,24,0,10.6568032263087,76.0702473199064,58.991768685463306,0.661585807800293
1194.73846510439,87,0,10.3940460057038,76.3869034575586,39.22440450997323,5.02379274368286
1385.20756567382,34,0,10.6657863791499,76.2139777653655,43.747492202372904,1.98465430736542
690.65186599328,17,0,10.3064602655021,76.2229609182068,90.41586944937484,1.28051924705505
1087.06025591961,175,0,10.358113394339,76.4363107981851,34.82554670233004,2.55976438522339
108.16653826392,5,0,10.2592987130858,76.2072404007346,51.39894891598108,1.06025898456573
658.634952003005,259,0,10.4771401694848,76.3644455754555,78.3653012741143,12.2406196594238
488.364617882991,2,0,10.2997229008712,76.2005030361037,39.65427823212701,1.6532986164093
1203.37026720789,63,0,10.3401470886566,76.4677518331293,62.20867002278735,3.82203555107117
766.615940350838,37,0,10.6837526848323,76.3442334815629,86.23637087467452,1.26747667789459
94.8683298050514,13,0,10.5467596040041,76.0724931081167,94.9520623657642,1.54776215553284
1315.90273196768,68,0,10.4883691105363,76.292580352726,14.707348092903793,3.16239595413208
1704.72871742104,65,0,10.7466347547207,76.3756745165071,92.65876251614944,1.40974795818329
335.410196624968,14,0,10.5669716978968,76.0769846845373,49.21162930795382,0.485772907733917
1690.68033643264,31,0,10.4075207349656,76.3307587523011,25.824438829895836,2.718998670578
424.264068711929,13,0,10.2750192305579,76.2409272238891,45.913575623826134,1.9123660326004
1116.0645142643,7,0,10.5939211564204,76.1331293897948,98.0032575285477,1.15754902362823
1248.51912280109,39,0,10.4434533463303,76.3352503287217,49.26180939928696,3.84335494041443
708.025423272357,77,0,10.5916753682101,76.2813514116745,32.875161028750824,5.98698806762695
657.951365983839,53,0,10.6792611084117,76.3352503287217,63.34008543167258,2.89833474159241
201.246117974981,257,0,10.4659112284333,76.4722434095499,24.014561877819308,11.4414854049683
120.0,960,0,10.3199349947639,76.8136032175153,7.586332810866391,15.5657606124878
1637.68128767474,15,0,10.5265475101114,76.2544019531509,12.887972191064922,0.734470307826996
1731.18456555042,102,0,10.3019686890815,76.4542771038675,12.804583895777244,8.20873546600342
1047.85495179438,-2,0,10.4501907109612,76.1555872718978,15.190269351229436,1.06961143016815
1679.19623629878,27,0,10.3423928768669,76.382411881138,13.882717264941014,0.895210206508637
516.139516022558,13,0,10.575954850738,76.0882136255888,64.08747448032146,1.46872448921204
241.867732448956,9,0,10.2727734423476,76.1533414836875,18.188008439914483,0.420113950967789
2024.27764894048,30,0,10.7309142372486,76.1960114596831,34.56672833238632,0.992651700973511
1214.907403879,34,0,10.5490053922144,76.2813514116745,89.67884099060119,1.86925280094147
1827.78554540734,25,0,10.3042144772918,76.420590280713,47.39616402628724,1.18388688564301
758.946638440411,12,0,10.486123322326,76.1466041190566,66.75577385210272,2.98110008239746
844.807670419723,118,0,10.6163790385234,76.2521561649406,17.231987120162984,4.83025979995728
1599.31235223142,41,0,10.7443889665104,76.2656308942024,19.228901880867078,1.47236919403076
1389.74817862806,55,0,10.4322244052789,76.3330045405114,4.086861626647886,4.26549243927002
960.468635614927,6,0,10.207645584249,76.3127924466187,16.893506307216455,1.19801878929138
30.0,91,0,10.4299786170686,76.4789807741808,27.85903390319586,7.48206424713135
2049.24376295257,15,0,10.4569280755921,76.2386814356788,17.70104842767468,1.43330907821655
1020.4410811017,12,0,10.3760797000214,76.1802909422111,8.87025337570556,1.07903409004211
1197.74788666063,25,0,10.3266723593948,76.2791056234642,12.06358711006008,0.330623984336853
1221.55638429014,7,0,10.2817565951888,76.3285129640907,46.077876803272574,1.41954565048218
42.4264068711929,11,0,10.1896792785666,76.1668162129492,20.63337184057925,0.705485582351685
1410.0,292,0,10.3244265711845,76.4767349859705,36.42698610480755,23.9584140777588
394.588393138977,12,0,10.3783254882317,76.1308836015845,50.34172708548569,1.06697773933411
169.705627484771,14,0,10.531039086532,76.074738896327,69.03948286293652,1.24142456054688
301.496268633627,283,0,10.6320995559954,76.337496116932,3.9312139841098936,15.0637159347534
1018.67561078098,25,0,10.6433284970469,76.0635099552755,79.94103989090426,1.62267518043518
740.945342113708,455,0,10.335655512236,76.5867786082752,62.79003894909078,15.7194871902466
375.89892258425,126,0,10.5153185690599,76.3577082108247,8.17590319488719,8.3778018951416
715.611626512594,78,0,10.6051500974719,76.2678766824127,87.35786241067773,9.30126762390137
1677.05098312484,30,0,10.3446386650772,76.3801660929277,92.08724005318132,1.17149913311005
563.648826841678,13,0,10.4075207349656,76.1331293897948,6.107795985486375,0.780295968055725
807.774721070176,63,0,10.6657863791499,76.3666913636658,27.687764814720374,2.65527129173279
900.0,105,0,10.4524364991715,76.3891492457689,80.62012797930613,10.4278078079224
1999.22484978554,40,0,10.3715881236008,76.3307587523011,74.82596903836584,8.94297695159912
685.419579527752,102,0,10.5916753682101,76.3666913636658,18.45210193563773,1.66076469421387
295.465734053883,11,0,10.2840023833991,76.1825367304214,20.93493233367103,0.420118600130081
979.48966303887,15,0,10.5512511804247,76.1488499072669,37.0472102791382,2.32045483589172
360.0,259,0,10.313197630133,76.6114822785884,48.45229851910213,2.84339714050293
1824.82875908947,24,0,10.6680321673602,76.1398667544257,61.825477153029595,1.0405250787735
1154.51288429363,78,0,10.598412732841,76.2341898592582,36.891363956977244,4.12521839141846
201.246117974981,5,0,10.5782006389483,76.0208399792799,46.25347161331479,0.367256820201874
1138.41995766062,3,0,10.4007833703347,76.1825367304214,74.74709381337566,1.7177346944809
1430.27969292723,9,0,10.486123322326,76.1982572478934,3.66832028905979,1.86050319671631
1218.23643025482,45,0,10.3648507589699,76.4093613396615,25.243694434402077,3.05332469940186
241.867732448956,1,0,10.2525613484549,76.2274524946274,71.33495858845524,1.43033814430237
632.85069329187,-1,0,10.5692174861071,76.1061799312712,89.52068376871993,0.717022955417633
1253.19591445233,15,0,10.2615445012961,76.337496116932,51.167744211566614,0.262616187334061
732.393336944022,76,0,10.4748943812745,76.3577082108247,53.211348526531566,9.84436511993408
618.465843842649,71,0,10.5108269926393,76.3397419051423,10.717201133977605,12.1015195846558
1546.38287626318,5,0,10.4165038878068,76.2094861889449,44.741236682345466,0.485549211502075
1194.36175424366,87,0,10.7219310844074,76.3330045405114,53.261726645502314,2.34386730194092
540.832691319598,137,0,10.4479449227509,76.4250818571337,24.247050363472965,10.8836555480957
283.019433961698,9,0,10.3670965471802,76.1241462369536,26.924323094938096,0.11593621224165
1394.59671590034,0,0,10.7062105669353,76.0612641670653,37.728416310462265,0.734514951705933
1252.83678106927,30,0,10.5445138157938,76.2858429880951,2.007119777772637,0.788378179073334
276.586333718787,213,0,10.4546822873818,76.5081760209147,32.20791655831783,13.1886768341064
420.0,15,0,10.2435781956138,76.2768598352539,21.144800699654464,1.41076385974884
1597.62323468332,46,0,10.7017189905147,76.2139777653655,32.74973521779147,4.48039388656616
0.0,2,0,10.5153185690599,76.0410520731725,11.976213181925122,0.744483888149262
780.576709875461,9,0,10.2233661017211,76.3015635055672,89.0527280739895,1.51833927631378
708.025423272357,8,0,10.1739587610945,76.2723682588333,59.359245355404866,1.15675926208496
1682.40898713719,19,0,10.6500658616778,76.142112542636,67.91023191444896,1.45824134349823
1603.52736178713,48,0,10.6702779555705,76.4295734335542,78.91712386073382,1.6835857629776
1789.97206682116,10,0,10.531039086532,76.2274524946274,49.84421989290573,1.07934558391571
750.0,257,0,10.2974771126609,76.5845328200649,8.69202880874237,6.6536750793457
1084.15865997556,6,0,10.3940460057038,76.1802909422111,53.71065418185478,1.84244501590729
1337.94618725867,19,0,10.6635405909396,76.0792304727476,58.68411180208791,1.58614075183868
30.0,6,0,10.2592987130858,76.1960114596831,74.54394741843299,1.32314074039459
60.0,12,0,10.4456991345406,76.074738896327,43.16595462296794,0.235778942704201
1840.54339802136,42,0,10.2997229008712,76.4295734335542,12.758030279556376,1.34179198741913
692.603782836912,2,0,10.3154434183433,76.187028306842,28.377590579872447,0.485399812459946
637.808748764079,693,0,10.358113394339,76.705805383421,36.30822963986351,13.891881942749
678.822509939086,11,0,10.6051500974719,76.0814762609579,64.59172413316013,1.33599674701691
1556.82368943949,2,0,10.4546822873818,76.1982572478934,57.077830466891186,2.05240893363953
997.24620831568,322,0,10.3042144772918,76.5643207261721,35.60967258978462,13.2732563018799
818.840643837371,224,0,10.6051500974719,76.3689371518761,98.65152487929797,3.57904386520386
882.83633817373,29,0,10.425487040648,76.4003781868203,60.577481935688716,0.347804844379425
2043.52636391117,46,0,10.7511263311413,76.2139777653655,23.72267917359945,3.14001703262329
1806.23918681884,40,0,10.7062105669353,76.4295734335542,10.178247262040374,1.78439831733704
483.735464897913,82,0,10.6523116498881,76.2813514116745,15.285913918433202,9.14131259918213
1314.87642004867,20,0,10.5894295799998,76.2252067064171,24.595772838450813,1.26056623458862
768.374908491942,524,0,10.3513760297081,76.5935159729061,16.06813732595557,11.4998264312744
846.935652809586,-3,0,10.6680321673602,76.0343147085416,18.656702405130577,1.63912737369537
364.965751817893,569,0,10.2817565951888,76.6945764423695,28.50951686938471,1.46858084201813
247.38633753706,15,0,10.5355306629526,76.0837220491682,17.33735952947548,1.06119465827942
42.4264068711929,868,0,10.3154434183433,76.8068658528844,89.67654246264252,6.62936401367188
0.0,430,0,10.3109518419227,76.6563980427944,8.023374566164222,7.22572565078735
937.229961108799,26,0,10.2974771126609,76.2903345645157,52.451138957025464,1.54891538619995
794.292137692424,-2,0,10.5153185690599,76.1510956954772,41.03968269896615,0.117916196584702
1730.9246084102,5,0,10.380571276442,76.3487250579835,98.23786169086064,0.895301818847656
2155.20300667942,1,0,10.4277328288583,76.2566477413612,11.203890216805235,1.21192181110382
1623.88423232692,20,0,10.5040896280084,76.2633851059921,39.785559904574164,1.16518366336823
863.770802933278,4,0,10.4412075581201,76.1443583308463,96.94704332753689,1.00836884975433
1868.68938028769,18,0,10.5175643572702,76.2319440710479,86.55071258939803,1.06113350391388
241.867732448956,111,0,10.6253621913646,76.3307587523011,81.707207094928,5.59194850921631
216.333076527839,229,0,10.4614196520127,76.4789807741808,25.790282704493983,14.7661209106445
1587.73423468791,12,0,10.4456991345406,76.2005030361037,17.088758739006582,1.07641959190369
589.406481131655,8,0,10.2862481716094,76.2566477413612,66.8643219924431,0.885127782821655
1116.0645142643,54,0,10.7017189905147,76.3644455754555,92.93759891275857,2.12281799316406
2013.57890334598,2,0,10.4007833703347,76.2566477413612,55.67628930139298,0.911645412445068
417.851648315524,503,0,10.2840023833991,76.7013138070004,57.161268946989985,0.695584058761597
1025.2804494381,182,0,10.358113394339,76.5036844444941,27.997909366028416,7.89052772521973
1081.6653826392,11,0,10.4075207349656,76.1757993657905,76.94929331919369,0.585886180400848
536.65631459995,-2,0,10.2795108069785,76.2633851059921,18.704374855752338,1.7668514251709
1609.96894379985,-4,0,10.3715881236008,76.24766458852,32.367923640424365,0.262690842151642
1905.17715711689,27,0,10.7062105669353,76.1039341430609,42.54364386164168,2.06991982460022
313.209195267317,204,0,10.6118874621028,76.3217755994599,50.7610378684455,11.6064701080322
968.400743494138,13,0,10.3334097240257,76.2139777653655,24.240973241508023,0.367226749658585
390.0,52,0,10.6231164031543,76.2858429880951,11.483682473920354,2.0696132183075
218.403296678416,10,0,10.3266723593948,76.1353751780051,61.06200424416326,0.117844730615616
90.0,70,0,10.4479449227509,76.4924555034426,28.863055324025577,4.23791313171387
1481.89068422742,-1,0,10.3850628528626,76.2139777653655,58.123822142261226,1.57104992866516
1046.56581255074,37,0,10.703964778725,76.2768598352539,15.436271527420232,0.633852064609528
1331.54046127033,26,0,10.4659112284333,76.1847825186317,48.114010185481746,1.93842828273773
1622.4980739588,371,0,10.3064602655021,76.5171591737559,53.258943255158584,6.91385650634766
1225.60189294893,-3,0,10.4344701934891,76.1757993657905,5.182353682242691,0.11593621224165
1553.64088514689,16,0,10.4838775341157,76.2072404007346,33.660427819392055,0.520241141319275
1597.62323468332,17,0,10.5714632743174,76.1915198832626,13.441467693897424,0.586087882518768
295.465734053883,951,0,10.2862481716094,76.7597043004682,6.337497047276774,2.60232472419739
394.588393138977,413,0,10.4906148987466,76.3846576693483,98.99602323899452,4.35569047927856
818.840643837371,35,0,10.4075207349656,76.4116071278718,32.235384497472296,2.96243357658386
1516.11345221919,14,0,10.5557427568453,76.1937656714729,80.98744458546349,0.117932356894016
90.0,228,0,10.2615445012961,76.6855932895283,25.464065476376383,18.587100982666
426.380112106557,81,0,10.659049014519,76.3352503287217,68.15027222239293,5.70587205886841
161.554944214035,13,0,10.2368408309829,76.2566477413612,76.02278598896865,1.21185910701752
1448.10220633766,81,0,10.3244265711845,76.4497855274469,59.56387406078443,2.91004133224487
174.928556845359,5,0,10.6433284970469,75.9893989443357,47.15761885501584,0.586176156997681
1295.56937290135,34,0,10.6253621913646,76.2162235535758,41.18409141472685,1.20198774337769
745.184540902453,79,0,10.4928606869569,76.3397419051423,34.88682665429953,6.56968927383423
859.592926913664,405,0,10.3468844532875,76.5822870318546,92.95291442478259,14.9001531600952
1650.27270473701,20,0,10.5063354162187,76.2162235535758,83.06194077877291,0.422953516244888
1198.87447216129,65,0,10.3536218179184,76.427327645344,96.50269106665125,4.97412252426147
1215.64797536129,116,0,10.3423928768669,76.5014386562838,12.429722348554472,3.794100522995
1266.05687076055,637,0,10.3918002174935,76.5822870318546,73.08674752036443,12.1752986907959
416.773319683494,410,0,10.4120123113862,76.5081760209147,93.83404568210378,19.9400215148926
1972.25758966723,6,0,10.3962917939141,76.2588935295715,18.123306616566015,0.856999337673187
931.450481775602,68,0,10.6118874621028,76.4048697632409,6.6496267366777495,4.06633186340332
1134.06349028615,404,0,10.3873086410729,76.5598291497516,74.11206492900591,12.2065954208374
1494.59024484974,17,0,10.5243017219011,76.202748824314,57.44731131799119,0.747294306755066
1065.31685427388,35,0,10.5669716978968,76.270122470623,84.1828776758272,2.97591376304626
1195.49153071028,17,0,10.3289181476051,76.2723682588333,13.97723766262895,0.707038462162018
708.025423272357,811,0,10.4075207349656,76.5351254794382,79.52673118598902,24.4584064483643
1444.99134945508,11,0,10.5130727808496,76.2005030361037,20.162732004774455,1.49987268447876
1626.92962355475,33,0,10.6904900494632,76.0882136255888,16.36559428657045,1.97014141082764
1256.0652849275,82,0,10.4681570166436,76.3105466584084,16.426579793099293,4.64468955993652
1171.537451386,9,0,10.3311639358154,76.2499103767303,81.45747202313821,0.231871470808983
900.499861188218,14,0,10.5018438397981,76.1600788483184,66.51972206962002,2.21324038505554
30.0,9,0,10.5512511804247,76.0500352260137,52.30654247691193,1.17200374603271
300.0,13,0,10.5916753682101,76.0432978613828,35.88304841235025,0.679109394550324
1909.18830920368,22,0,10.6455742852572,76.1668162129492,87.72005408131082,1.5293288230896
152.970585407784,862,0,10.3244265711845,76.7686874533093,39.244510742263536,9.36178874969482
766.615940350838,361,0,10.5849380035792,76.3442334815629,81.65994394715771,9.81908130645752
60.0,6,0,10.4995980515878,76.0882136255888,43.91349085702184,0.260128617286682
626.418390534633,16,0,10.6500658616778,76.0230857674902,37.69444294249076,0.586184501647949
630.713881248859,44,0,10.681506896622,76.3172840230393,46.26797856696064,2.83159828186035
986.813052203912,391,0,10.3401470886566,76.5688123025927,30.13778741641421,8.78457927703857
924.175308044962,31,0,10.6500658616778,76.2454188003097,74.76093801762511,0.423092842102051
1194.36175424366,21,0,10.681506896622,76.0567725906446,50.27203900924791,1.65901279449463
453.982378512647,8,0,10.4704028048539,76.09719677843,23.22126951468173,0.788227498531342
1517.89327688082,8,0,10.4165038878068,76.2072404007346,89.95745732745685,0.93486887216568
1261.78445068879,16,0,10.403029158545,76.1915198832626,38.38912213732114,1.09877264499664
1315.21861300698,85,0,10.703964778725,76.3846576693483,54.35528611139886,4.87702226638794
1043.55162785557,161,0,10.659049014519,76.3891492457689,90.6472110964547,3.37813806533813
1234.38243668646,13,0,10.6972274140941,76.052281014224,62.42379959139921,1.94625127315521
228.473193175917,13,0,10.5220559336908,76.09719677843,11.689804070836407,0.525573372840881
1548.70913989684,6,0,10.5849380035792,76.1757993657905,93.98321236134751,0.23588590323925
1908.00943393894,34,0,10.2840023833991,76.382411881138,62.770805307141785,1.68002283573151
1284.05607354196,33,0,10.3783254882317,76.3891492457689,33.49056146570861,1.93826699256897
1347.66464671297,82,0,10.6410827088366,76.4160987042924,13.927207266338726,3.52330088615417
429.534631898291,591,0,10.3446386650772,76.6249570078502,79.4025189270296,21.7811050415039
582.494635168428,42,0,10.5490053922144,76.3419876933526,62.00727559285135,2.08599758148193
67.0820393249937,867,0,10.3042144772918,76.8180947939359,53.34610919763215,5.70683908462524
1462.94224082839,11,0,10.403029158545,76.2072404007346,89.38925830509577,0.678996860980988
684.105255059483,18,0,10.1739587610945,76.270122470623,78.85972112245308,1.89129018783569
342.052627529741,11,0,10.3087060537124,76.1510956954772,15.167487973275119,0.165308624505997
429.534631898291,108,0,10.6635405909396,76.3285129640907,31.172206779554823,10.3474464416504
174.928556845359,7,0,10.5916753682101,76.0118568264386,24.848913981446575,0.423036873340607
1426.18371888057,42,0,10.3962917939141,76.3666913636658,74.3946292572677,2.53365015983582
1213.79569944863,7,0,10.6388369206263,76.1039341430609,3.353243473577938,1.65510261058807
1574.9285698088,24,0,10.5579885450556,76.2229609182068,56.98896848713165,2.20485663414001
1159.1807451817,955,0,10.4232412524377,76.5777954554339,76.24586857406905,6.90276098251343
1623.60709532818,12,0,10.5602343332659,76.2005030361037,87.67656367617495,1.16518592834473
931.450481775602,60,0,10.3626049707596,76.4565228920778,34.20817487159075,1.68579936027527
1632.17646104825,31,0,10.3648507589699,76.3666913636658,82.12573046720128,2.23148274421692
833.546639366988,30,0,10.4659112284333,76.3577082108247,11.063173695520723,1.31355011463165
502.891638427206,546,0,10.4838775341157,76.4026239750306,84.64522917345182,8.41544342041016
967.470929795826,54,0,10.358113394339,76.4857181388117,12.748866233198243,2.17879390716553
939.148550549912,12,0,10.2750192305579,76.3083008701981,39.72872905603673,0.946128964424133
313.209195267317,11,0,10.4412075581201,76.0994425666403,79.72953657795536,0.262737542390823
1449.034161088,88,0,10.7309142372486,76.3644455754555,14.991742734877377,4.36746168136597
1679.19623629878,18,0,10.4883691105363,76.2633851059921,22.92513952326415,1.31730008125305
807.217442824423,47,0,10.5939211564204,76.2678766824127,72.22525683930662,4.60313606262207
254.558441227157,20,0,10.2121371606696,76.2566477413612,72.00365365460743,2.45948243141174
1348.33230325465,771,0,10.403029158545,76.5867786082752,64.11476328852973,11.756555557251
295.465734053883,18,0,10.2053997960387,76.2521561649406,69.39484444671,1.106276512146
1475.80486514986,29,0,10.3423928768669,76.2948261409363,54.27244433475962,0.625744223594666
1341.64078649987,25,0,10.3334097240257,76.2903345645157,25.179905890695274,0.744090735912323
510.0,13,0,10.6388369206263,76.0185941910696,34.56959935039195,0.591541826725006
445.982062419555,4,0,10.6837526848323,75.9938905207563,18.159771680142565,2.41808390617371
1539.3829932801,19,0,10.3334097240257,76.4116071278718,90.84505613336283,0.262663871049881
1742.32603148779,28,0,10.6410827088366,76.1825367304214,58.339179476612046,1.21199321746826
948.683298050514,170,0,10.3648507589699,76.5059302327044,40.08514167636399,12.7806453704834
436.806593356831,14,0,10.6006585210513,76.0545268024343,46.20058036441327,0.2628473341465
2020.71769428587,8,0,10.3873086410729,76.292580352726,94.72833396118153,0.48550683259964
1406.16499743096,14,0,10.3019686890815,76.3330045405114,15.33514031160802,0.471332341432571
563.648826841678,-4,0,10.486123322326,76.1308836015845,58.62298320167972,0.0
483.735464897913,28,0,10.2795108069785,76.2274524946274,50.5888678884466,0.367220342159271
123.69316876853,449,0,10.3221807829742,76.6519064663738,61.14542354346478,5.96693849563599
1423.02494707577,5,0,10.5377764511629,76.1937656714729,1.8110183820840509,0.37228187918663
956.713123146118,29,0,10.2974771126609,76.292580352726,87.21239089441515,0.11593621224165
402.492235949962,169,0,10.4232412524377,76.4385565863954,93.21182824836124,19.8486614227295
1455.23194027619,64,0,10.4097665231759,76.359953999035,56.51331835892089,5.60319662094116
2028.05325373867,22,0,10.7084563551456,76.1802909422111,69.66508238768922,1.94323396682739
1900.44731576542,16,0,10.403029158545,76.2409272238891,92.24993811772957,1.91266357898712
1758.01023887803,134,0,10.7398973900898,76.2341898592582,70.72386343133986,8.30511379241943
1126.09946274741,15,0,10.5602343332659,76.1555872718978,15.253904291426135,1.17202568054199
823.771813064759,29,0,10.5512511804247,76.3240213876702,57.62883601668132,1.31756663322449
1120.89250153616,13,0,10.5265475101114,76.1735535775802,60.67150463828559,1.77005040645599
295.465734053883,0,0,10.2637902895064,76.2544019531509,42.4130671302386,0.11593621224165
751.7978451685,6,0,10.6702779555705,76.0253315557005,73.64442356247228,1.2021564245224
351.140997321589,911,0,10.2817565951888,76.7597043004682,93.43670147690149,2.34420776367187
1958.97932607774,31,0,10.3693423353905,76.3352503287217,92.55685129067763,5.9023494720459
1376.40836963454,293,0,10.2772650187682,76.5418628440692,45.08393714041321,5.93141889572144
457.930125674212,254,0,10.4209954642274,76.5216507501765,11.323804584075525,14.5360326766968
993.629709700752,52,0,10.6994732023044,76.3509708461938,98.48411989623345,2.27921676635742
1142.36596587959,64,0,10.7129479315662,76.3487250579835,83.88980864459342,3.43177223205566
849.058301885094,56,0,10.6680321673602,76.3689371518761,12.466268120326685,1.20953285694122
1789.21770614981,16,0,10.4434533463303,76.2791056234642,92.08418826173724,0.780314266681671
937.229961108799,63,0,10.6882442612529,76.359953999035,86.98963620621282,2.23762035369873
270.0,533,0,10.335655512236,76.638431737112,51.88380571260721,6.17622756958008
120.0,326,0,10.2637902895064,76.6855932895283,59.127543574492925,24.4297771453857
763.675323681471,23,0,10.2840023833991,76.2858429880951,39.90027038701302,1.322185754776
1204.86513768139,7,0,10.358113394339,76.202748824314,5.476163882203133,1.1661548614502
1652.45272247045,107,0,10.3064602655021,76.4834723506014,33.519724164590095,9.49697685241699
174.928556845359,8,0,10.2592987130858,76.1510956954772,80.28534485980114,0.262614697217941
740.945342113708,9,0,10.5647259096865,76.1174088723227,0.4632023004602859,1.52986371517181
284.604989415154,23,0,10.2345950427726,76.2656308942024,33.34991716911442,1.16517341136932
632.85069329187,8,0,10.3783254882317,76.1488499072669,39.81686935909433,0.330652564764023
499.299509312797,518,0,10.2952313244506,76.705805383421,53.73956029379229,10.0995807647705
458.911756223351,552,0,10.4591738638024,76.4318192217645,91.98556164127605,23.6089191436768
218.403296678416,218,0,10.4681570166436,76.4699976213396,34.634599436596126,8.44592380523682
1527.64524677688,10,0,10.681506896622,76.0837220491682,34.69532018962277,1.92190849781036
1705.78427709954,48,0,10.4142580995965,76.3172840230393,73.75012481097484,3.79472208023071
420.0,14,0,10.6006585210513,76.0455436495931,45.221794088980715,0.260146379470825
1508.67491528162,42,0,10.6680321673602,76.2049946125243,22.460482293998197,8.98161125183106
90.0,505,0,10.313197630133,76.6474148899532,45.24395161326934,4.3249831199646
308.86890422961,307,0,10.4614196520127,76.5036844444941,14.085702037979985,18.3231067657471
1731.18456555042,20,0,10.5198101454805,76.2521561649406,17.63869865062233,0.845886468887329
914.38503924769,795,0,10.3670965471802,76.5935159729061,49.83677727394797,24.8928070068359
1624.43836448171,160,0,10.3087060537124,76.465506044919,41.89254495045479,17.3770942687988
534.134814442946,49,0,10.5040896280084,76.3509708461938,91.48459010681,3.93738985061646
210.0,8,0,10.508581204429,76.0590183788549,36.23938991166331,0.11593621224165
1020.4410811017,10,0,10.4120123113862,76.1690620011595,58.05883502780434,0.845683097839356
641.326749792959,645,0,10.3603591825493,76.6631354074253,63.22642879195304,11.4970359802246
453.982378512647,698,0,10.3154434183433,76.6900848659489,1.3094456588333636,13.3340845108032
1127.69676775275,18,0,10.5849380035792,76.1398667544257,66.35373720167107,2.00756859779358
660.681466366357,-3,0,10.5355306629526,76.1308836015845,17.803596686975144,0.117923840880394
305.941170815567,13,0,10.2188745253005,76.187028306842,96.10703174694551,0.347804844379425
1421.44292885786,27,0,10.620870614944,76.2072404007346,14.866272775311295,1.00876319408417
764.852927038918,6,0,10.1874334903563,76.2858429880951,41.462412372702374,0.66107976436615
1292.43955371228,20,0,10.6792611084117,76.0657557434858,8.534966807864386,3.98956823348999
722.495674727538,13,0,10.3176892065536,76.1982572478934,99.68742518459473,0.678945958614349
569.209978830308,8,0,10.3693423353905,76.1466041190566,50.21950103312426,0.11593621224165
1275.61749752816,17,0,10.6163790385234,76.1286378133742,59.53850173200438,1.15920543670654
937.229961108799,47,0,10.3760797000214,76.4295734335542,6.7076477388427485,0.911615610122681
123.69316876853,12,0,10.2211203135108,76.2005030361037,74.99604703991778,0.471213221549988
408.044115262063,12,0,10.4434533463303,76.1061799312712,20.990559309558577,0.496024042367935
1008.4641788383,-3,0,10.5332848747423,76.1623246365286,89.80542894407138,0.165369167923927
1699.17627102076,45,0,10.7196852961971,76.2184693417862,20.513964048200716,3.15549898147583
0.0,2,0,10.5153185690599,76.0388062849622,19.068772066366655,1.48794841766357
161.554944214035,14,0,10.2390866191932,76.1892740950523,3.654966784809488,0.11593621224165
1060.66017177982,8,0,10.2548071366653,76.3240213876702,47.206694510999924,0.485312849283218
1209.33866224478,1,0,10.5692174861071,76.1555872718978,56.48411332626164,0.911853313446045
998.599018625594,55,0,10.6972274140941,76.3554624226144,6.570863942835237,2.71757555007935
1489.46299047677,10,0,10.3693423353905,76.2296982828376,77.55276166950105,0.895274817943573
1926.08411031294,25,0,10.4322244052789,76.2746140470436,45.32888347480276,0.826655030250549
1204.86513768139,9,0,10.4748943812745,76.1780451540008,52.439026932758004,2.75048756599426
84.8528137423857,10,0,10.2256118899314,76.1555872718978,44.07627469382282,0.165286794304848
324.499614791759,248,0,10.5063354162187,76.4116071278718,40.0763060875326,16.4827060699463
488.364617882991,567,0,10.3087060537124,76.7013138070004,55.96403313082179,12.8359718322754
1471.22398022871,46,0,10.6388369206263,76.202748824314,15.52402459307125,1.51075124740601
819.39001702486,337,0,10.3401470886566,76.5822870318546,18.19281304952711,2.39467883110046
1068.26962888589,23,0,10.5939211564204,76.1286378133742,86.17856210135173,1.17930388450623
1544.34452114805,15,0,10.5916753682101,76.1713077893698,94.61154621336327,0.846027612686157
1324.42440327865,15,0,10.5265475101114,76.1892740950523,37.330931627975296,1.04331195354462
1295.56937290135,110,0,10.7062105669353,76.3801660929277,27.074467314355378,4.00302171707153
1070.79409785448,54,0,10.7129479315662,76.2970719291466,64.39995432390158,0.780454814434052
492.036584005702,858,0,10.3379013004463,76.6092364903781,40.87341710980964,6.57159614562988
1466.32192918199,39,0,10.380571276442,76.3711829400864,2.538635566034486,2.14826583862305
1922.3423212321,8,0,10.3962917939141,76.2499103767303,15.615259736619036,1.04331195354462
1215.64797536129,31,0,10.4322244052789,76.3644455754555,71.59722288473975,0.262731522321701
276.586333718787,264,0,10.4614196520127,76.487963927022,65.89239419101514,18.4955978393555
1164.98927033686,54,0,10.6837526848323,76.2409272238891,2.709599250348349,3.79778099060059
1654.62986797652,20,0,10.3311639358154,76.3330045405114,22.197216193294945,1.06049787998199
835.703296631047,9,0,10.2031540078284,76.3015635055672,23.10747965880714,1.17115795612335
1188.69676536954,17,0,10.5714632743174,76.1510956954772,67.18927435987284,2.32277584075928
845.340168216322,4,0,10.6253621913646,76.074738896327,1.9710537754364155,1.57160615921021
960.0,12,0,10.335655512236,76.1937656714729,10.410858198457385,0.347804844379425
1225.60189294893,85,0,10.3468844532875,76.5171591737559,79.99160853731894,2.42225289344788
108.16653826392,9,0,10.6096416738925,75.9983820971769,17.85446620543336,0.260147958993912
725.603197346869,22,0,10.2974771126609,76.2521561649406,65.27461078518748,0.585751831531525
1919.2967462068,46,0,10.2997229008712,76.4138529160821,23.81827810467265,2.06574892997742
210.0,6,0,10.2795108069785,76.1915198832626,9.944139275934516,0.832841873168945
834.086326467471,506,0,10.3895544292832,76.5306339030176,24.317219099945408,27.2840404510498
878.236870098267,82,0,10.3648507589699,76.4857181388117,72.22669318556592,10.7579135894775
1290.34879005639,131,0,10.3401470886566,76.5126675973353,85.56964681062857,7.90413236618042
342.052627529741,339,0,10.4120123113862,76.4991928680735,83.02198645669915,16.965705871582
270.0,48,0,10.4367159816995,76.4452939510263,39.71835296184548,0.579662084579468
606.712452484701,68,0,10.6410827088366,76.359953999035,66.80851365706462,2.32307863235474
1548.41854806767,49,0,10.7017189905147,76.4093613396615,20.498429541582098,2.00498294830322
792.022726946645,-5,0,10.4681570166436,76.1398667544257,29.314773026101328,0.165351644158363
780.0,-2,0,10.5265475101114,76.1466041190566,89.63358185211197,0.11593621224165
1110.0,90,0,10.6343453442057,76.39813239861,1.3001923510736035,0.633727729320526
456.946386351835,8,0,10.3289181476051,76.1533414836875,8.550853085446807,0.260099321603775
1783.92824967822,35,0,10.2884939598197,76.3711829400864,20.78862551460273,2.39826583862305
991.816515288993,39,0,10.5332848747423,76.3083008701981,2.6532203873819715,4.98518228530884
1555.6670594957,112,0,10.3468844532875,76.3913950339792,18.143543508979732,5.13617467880249
216.333076527839,183,0,10.5108269926393,76.3756745165071,58.304156096969216,8.94539165496826
1026.15788258922,45,0,10.3895544292832,76.4048697632409,42.1424550592498,1.25136566162109
1806.48830607895,237,0,10.358113394339,76.3554624226144,89.26717110769748,24.5831413269043
2160.41662648666,40,0,10.703964778725,76.1668162129492,81.7443561738441,2.49730372428894
1830.98334236006,18,0,10.508581204429,76.2296982828376,34.1817351697876,1.5477522611618
1081.6653826392,112,0,10.3626049707596,76.4295734335542,25.94234334312925,1.57572269439697
1749.28556845359,21,0,10.6837526848323,76.1915198832626,37.96924081672669,0.705516815185547
1142.36596587959,-3,0,10.5377764511629,76.1713077893698,59.02949425148078,0.11593621224165
1113.64267159624,85,0,10.3985375821244,76.3913950339792,26.806364082287626,4.67922735214233
169.705627484771,1046,0,10.3244265711845,76.811357429305,62.4148907849134,3.2959930896759
606.712452484701,222,0,10.6276079795748,76.359953999035,40.941165219124045,24.0836849212646
1442.49783362056,11,0,10.4052749467553,76.2049946125243,55.204718085198024,0.826619029045105
1739.48268171891,179,0,10.703964778725,76.202748824314,43.61265291353167,7.99191427230835
941.541289588513,50,0,10.4928606869569,76.3217755994599,29.44657595419177,2.09919619560242
1679.19623629878,52,0,10.7286684490383,76.39813239861,94.84533069621567,2.31444454193115
960.468635614927,1,0,10.5220559336908,76.1623246365286,76.36057941597608,1.65320694446564
997.24620831568,40,0,10.7084563551456,76.3240213876702,14.011317576645254,2.53389072418213
457.930125674212,611,0,10.3446386650772,76.6204654314296,86.84679758979128,23.6221084594727
570.0,64,0,10.6770153202014,76.315038234829,48.743119824951364,3.97849631309509
60.0,76,0,10.4524364991715,76.4610144684984,89.45522268940914,7.63054323196411
810.555365166378,0,0,10.3244265711845,76.1892740950523,79.98552559473153,1.48789250850678
1594.23963067037,7,0,10.4209954642274,76.2117319771552,42.52135044692334,0.579662084579468
210.0,113,0,10.6500658616778,76.315038234829,2.24693083201174,8.57619190216064
1681.07108713463,244,0,10.3087060537124,76.5126675973353,26.867735938494608,12.4125709533691
1883.08257917703,11,0,10.4569280755921,76.2611393177818,54.16342146608669,1.73898088932037
1923.98024937888,14,0,10.5018438397981,76.2409272238891,63.347821982614725,0.938569307327271
540.832691319598,609,0,10.3289181476051,76.6002533375369,25.788768543320227,9.93979454040527
706.116137756389,130,0,10.6231164031543,76.3666913636658,13.935607407282413,10.1214008331299
120.0,12,0,10.4187496760171,76.0927052020094,83.4930236799299,0.165338411927223
150.0,430,0,10.2997229008712,76.6631354074253,98.44021807035521,3.74189972877502
499.299509312797,94,0,10.3985375821244,76.4542771038675,52.56901823026858,3.02074813842773
1489.46299047677,30,0,10.4007833703347,76.359953999035,17.16792858483035,2.17076969146729
1513.43979067553,88,0,10.3491302414978,76.3936408221895,27.230732651936897,3.8866856098175
1747.48390550528,4,0,10.4771401694848,76.2207151299964,1.8390676547466733,2.29542207717895
1247.79806058513,126,0,10.3491302414978,76.5261423265971,91.4298806560499,3.51061940193176
910.933587041339,13,0,10.4389617699097,76.1488499072669,11.775108289014113,0.262736052274704
2172.04972318775,65,0,10.7219310844074,76.4520313156572,57.651647551425356,1.43451344966888
632.85069329187,15,0,10.3042144772918,76.2184693417862,27.4055220687206,1.00277209281921
1615.54944214035,4,0,10.425487040648,76.2117319771552,55.417800251579344,1.46865057945251
426.380112106557,531,0,10.2884939598197,76.6811017131077,65.14203883518643,6.94020748138428
402.492235949962,418,0,10.4120123113862,76.5059302327044,82.97418037072016,13.6266956329346
961.873172512884,82,0,10.6298537677852,76.3869034575586,20.64212717606032,2.75033140182495
94.8683298050514,942,0,10.3176892065536,76.8203405821462,1.0995828658480478,10.5604181289673
169.705627484771,11,0,10.553496968635,76.074738896327,13.688563006880727,0.684560835361481
1812.45689603919,-2,0,10.3873086410729,76.2499103767303,90.00186418481051,0.48550683259964
308.86890422961,17,0,10.1941708549872,76.2499103767303,87.38900775625153,2.16941380500793
1489.46299047677,77,0,10.7331600254589,76.3666913636658,59.74131021703083,2.97368979454041
408.044115262063,11,0,10.4524364991715,76.1016883548506,60.051686043365336,0.235784009099007
1306.98125464752,57,0,10.3334097240257,76.4587686802881,66.50366745462554,8.2099781036377
1376.73526867005,107,0,10.2929855362403,76.5373712676486,17.53712786234496,5.65128469467163
150.0,780,0,10.3334097240257,76.7394922065755,91.44119459249598,1.25133299827576
1230.36579926459,93,0,10.3379013004463,76.4722434095499,41.87705248920731,11.8889408111572
1502.69757436418,28,0,10.3446386650772,76.2948261409363,38.31385282494975,0.8455570936203
1134.06349028615,23,0,10.3109518419227,76.2970719291466,51.89177052828376,1.24103736877441
305.941170815567,6,0,10.2862481716094,76.1982572478934,4.696596677505505,0.885127782821655
453.982378512647,171,0,10.6388369206263,76.3487250579835,16.628336875607943,17.7272605895996
212.132034355964,8,0,10.2795108069785,76.1960114596831,73.80336164263704,0.422738969326019
174.928556845359,12,0,10.5108269926393,76.1039341430609,8.279866792512646,1.00529158115387
390.0,277,0,10.6073958856822,76.3262671758805,60.31521094663882,8.35775089263916
2130.63370854776,51,0,10.703964778725,76.1308836015845,24.534910968132095,2.29586935043335
1705.78427709954,29,0,10.6859984730426,76.09719677843,38.929561404197656,1.47215104103088
94.8683298050514,17,0,10.2435781956138,76.2364356474685,28.869373677069987,1.40845143795013
1824.08881362723,21,0,10.6253621913646,76.1757993657905,35.567271646494916,0.971648812294006
1236.9316876853,101,0,10.3468844532875,76.5194049619662,71.90459051842456,5.76698207855225
913.892772703669,61,0,10.6612948027293,76.3779203047173,29.7121715623175,1.65896809101105
240.0,761,0,10.29073974803,76.7462295712064,56.64046402968972,16.8641738891602
408.044115262063,5,0,10.2884939598197,76.2117319771552,47.60504021990997,0.367221415042877
1502.69757436418,18,0,10.2503155602447,76.3577082108247,66.36711653626482,1.26013338565826
1853.21342537766,76,0,10.3693423353905,76.3442334815629,93.6829739324758,8.81807041168213
351.140997321589,343,0,10.4951064751672,76.3801660929277,73.25720972102503,11.9845886230469
1295.56937290135,72,0,10.6433284970469,76.4116071278718,21.494037859075675,3.73197937011719
1026.15788258922,28,0,10.6433284970469,76.0657557434858,3.1183135061284672,2.08032989501953
812.219182240853,92,0,10.5737090625277,76.3083008701981,26.22640442998251,6.55309295654297
1560.2884348735,21,0,10.5624801214762,76.2207151299964,59.507793070025485,1.51069438457489
313.209195267317,2,0,10.6500658616778,75.9983820971769,5.1425813484250344,1.00882720947266
1491.87801109876,22,0,10.6051500974719,76.2049946125243,49.636624720123635,1.16518759727478
737.902432574931,12,0,10.4052749467553,76.1488499072669,59.68428489168892,1.4308112859726
1447.79142144164,16,0,10.5445138157938,76.2521561649406,33.424389081696084,0.16537219285965
474.341649025257,83,0,10.6455742852572,76.3487250579835,77.09122037458219,4.37680101394653
212.132034355964,153,0,10.508581204429,76.4026239750306,10.65982531337718,14.1095809936523
1392.01293097442,18,0,10.3266723593948,76.3083008701981,7.513778173580876,2.72821497917175
1640.1524319404,23,0,10.6478200734675,76.1398667544257,72.81887562036033,0.840502917766571
474.341649025257,-4,0,10.4928606869569,76.1263920251639,49.549131620619846,0.0
778.84529914483,391,0,10.5782006389483,76.3307587523011,68.84023964277361,18.0929412841797
108.16653826392,4,0,10.4928606869569,76.0837220491682,43.48273386037462,0.260127484798431
595.482997238376,600,0,10.3513760297081,76.7035595952107,24.640203323910683,3.488529920578
1072.05410311234,7,0,10.5287932983217,76.1690620011595,81.91023176741997,2.97532510757446
1430.27969292723,29,0,10.6163790385234,76.2072404007346,79.94158789689793,1.21198499202728
108.16653826392,12,0,10.2390866191932,76.1937656714729,69.46964708544267,0.165290310978889
517.880295048962,777,0,10.3176892065536,76.6945764423695,27.21451372299627,20.6301879882812
1574.9285698088,6,0,10.5400222393732,76.2049946125243,59.023066686908706,0.59153413772583
768.960337078578,7,0,10.6231164031543,76.0657557434858,36.09738969400268,3.06264352798462
192.093727122985,10,0,10.5108269926393,76.0657557434858,9.158207332663416,0.235827997326851
445.982062419555,442,0,10.4883691105363,76.4026239750306,91.73135754622427,13.1141948699951
1690.68033643264,-2,0,10.3760797000214,76.2521561649406,13.68186309189614,0.780279994010925
1760.05681726472,46,0,10.6994732023044,76.4295734335542,95.02373538208025,2.71761226654053
420.0,235,0,10.6657863791499,76.315038234829,44.600577295795574,19.4270114898682
0.0,0,1,10.1919250667769,76.1960114596831,181.08904159657686,0.260076463222504
1113.64267159624,-3,1,10.4659112284333,76.1668162129492,382.75000724347063,1.91744422912598
0.0,66,1,10.4389617699097,76.4744891977602,306.19787963399176,0.0
730.547739713155,-3,1,10.5220559336908,76.1443583308463,259.5304694689628,0.0
958.592718520228,-1,1,10.4793859576951,76.1600788483184,104.60652415485278,2.47441220283508
825.408989531856,0,1,10.4546822873818,76.1353751780051,104.59808211767093,0.971139848232269
1371.16738584317,-4,1,10.486123322326,76.1937656714729,70.32926425886981,1.18457090854645
660.681466366357,-4,1,10.5063354162187,76.142112542636,353.1616510212273,0.857277750968933
1321.36293273271,-4,1,10.4995980515878,76.1915198832626,260.3902541101231,1.06738460063934
0.0,70,1,10.5265475101114,76.3869034575586,297.8254022286159,1.41475963592529
752.396172239067,-3,1,10.508581204429,76.1488499072669,57.204573003530854,0.496076494455338
0.0,800,1,10.3176892065536,76.7844079707814,389.468448256698,0.74977433681488
1369.5254652616,-3,1,10.4299786170686,76.1892740950523,341.3549242801476,1.06715047359467
0.0,1,1,10.185187702146,76.1780451540008,124.31868873739666,1.16591989994049
152.970585407784,71,1,10.4524364991715,76.4947012916529,113.63873852248523,3.59125018119812
0.0,66,1,10.4344701934891,76.4857181388117,114.19157844870183,1.29652380943298
234.3074902772,-4,1,10.5153185690599,76.1061799312712,156.4847850358382,0.589560985565186
831.925477431723,-3,1,10.4771401694848,76.1488499072669,233.66475107128323,1.06730890274048
90.0,66,1,10.4389617699097,76.4991928680735,201.18075652474053,0.231871470808983
873.613186713662,-3,1,10.5220559336908,76.1555872718978,151.93019906931465,0.165366128087044
1154.12304370028,-3,1,10.6927358376735,76.0477894378034,264.14851315283283,0.734511613845825
655.209890035247,-3,1,10.5175643572702,76.1398667544257,98.82285122821465,0.11593621224165
859.069263796581,-2,1,10.5175643572702,76.1555872718978,152.25062698732637,0.165364921092987
0.0,66,1,10.4412075581201,76.4744891977602,178.2266451527921,1.68254733085632
0.0,0,1,10.1919250667769,76.1937656714729,209.62449447596256,0.231871470808983
0.0,801,1,10.3109518419227,76.7933911236227,324.81158648755473,3.26188230514526
0.0,0,1,10.2615445012961,76.1937656714729,119.8858237554259,0.463735342025757
0.0,4,1,10.2211203135108,76.2117319771552,229.98205344476406,1.49901235103607
0.0,800,1,10.3064602655021,76.7799163943608,257.3450991017148,2.11562323570251
829.75900115636,6,1,10.5579885450556,76.1263920251639,66.2576444519992,1.9736624956131
553.172667437573,-3,1,10.531039086532,76.1241462369536,262.6406981655034,0.0
0.0,0,1,10.5332848747423,76.0343147085416,109.68344329055203,0.353764981031418
865.852181379709,-3,1,10.5198101454805,76.1555872718978,72.76805754484784,0.372262477874756
30.0,446,1,10.3109518419227,76.638431737112,382.10993803866666,13.4690465927124
0.0,4,1,10.5063354162187,76.0837220491682,387.97121157609575,1.1166182756424
1023.96288995256,6,1,10.5849380035792,76.1308836015845,332.9390718407614,0.525662064552307
1114.85425056372,-2,1,10.5377764511629,76.1690620011595,156.61481921067974,0.165370374917984
1015.13545894132,-2,1,10.5287932983217,76.1645704247389,84.18523990223436,0.661444246768951
845.340168216322,-5,1,10.4748943812745,76.1488499072669,289.48155927925495,0.262760281562805
0.0,801,1,10.3064602655021,76.7866537589917,204.05337280886044,2.22985076904297
1449.96551683135,-4,1,10.3626049707596,76.2386814356788,92.71338219567258,0.478476732969284
0.0,800,1,10.3154434183433,76.7956369118329,223.31191853894455,2.2370138168335
602.992537267253,-4,1,10.508581204429,76.1376209662154,62.03598239032644,0.260130167007446
1288.60389569487,-4,1,10.4838775341157,76.187028306842,368.2621407275737,0.117904327809811
1291.39459500185,-3,1,10.4995980515878,76.1892740950523,140.57299356000593,0.496069222688675
0.0,0,1,10.1874334903563,76.1757993657905,281.8827995238937,0.591507852077484
1005.78327685441,-2,1,10.5669716978968,76.1376209662154,159.09887663129382,0.734480738639832
323.10988842807,1,1,10.4951064751672,76.1151630841124,232.0238074122338,2.42322540283203
713.091859440283,-1,1,10.5175643572702,76.1443583308463,241.34859777014788,0.0
1489.76508215222,3,1,10.3648507589699,76.2409272238891,114.69905943393447,2.16742944717407
42.4264068711929,66,1,10.4277328288583,76.4789807741808,389.3546197175955,2.02939367294312
713.091859440283,-4,1,10.5243017219011,76.142112542636,321.2964881763901,0.117919594049454
0.0,70,1,10.5422680275835,76.3936408221895,378.8246295474662,1.85807490348816
844.807670419723,-3,1,10.5220559336908,76.1533414836875,363.1895726496771,0.11593621224165
636.396103067893,-4,1,10.5108269926393,76.1398667544257,259.2649925838798,0.11593621224165
1158.79247494968,-1,1,10.5355306629526,76.1735535775802,372.6559822580909,0.950402081012726
381.837661840736,-2,1,10.5243017219011,76.1129172959021,80.97237571817183,0.117919594049454
469.574275274956,-7,1,10.4883691105363,76.1241462369536,118.59400184670082,0.367245614528656
1395.88681489582,-3,1,10.4883691105363,76.1960114596831,65.82955111868833,1.99313795566559
0.0,0,1,10.5400222393732,76.0500352260137,163.86561576714251,0.372284293174744
349.857113690718,-3,1,10.5175643572702,76.1151630841124,186.0370513913187,0.11593621224165
1090.77953776187,-4,1,10.4614196520127,76.1623246365286,144.97216112086357,0.11593621224165
0.0,807,1,10.3199349947639,76.7799163943608,340.0581282031753,1.49929845333099
1073.3126291999,-3,1,10.5400222393732,76.1645704247389,174.86366434275624,0.0
0.0,2,1,10.5332848747423,76.0410520731725,148.32707839058327,0.625798165798187
966.074531286277,-2,1,10.5355306629526,76.1578330601081,239.94362910538698,0.260134786367416
0.0,66,1,10.4367159816995,76.465506044919,99.32347874116692,0.353655815124512
573.149195236284,-4,1,10.508581204429,76.1353751780051,330.7689432639139,0.165362507104874
1569.77705423414,-4,1,10.3693423353905,76.2454188003097,76.09272528791979,0.495964795351028
818.840643837371,-4,1,10.4748943812745,76.1466041190566,395.41042781018103,0.0
1154.51288429363,-3,1,10.4367159816995,76.1690620011595,320.2856692538301,0.262734532356262
1797.9988876526,-1,1,10.3850628528626,76.2521561649406,119.55048853696034,1.73339509963989
787.464284904401,-4,1,10.4659112284333,76.1376209662154,51.932740993260836,0.117897562682629
1053.42299196477,-5,1,10.4771401694848,76.1668162129492,335.41149995919193,1.51062989234924
0.0,66,1,10.4501907109612,76.465506044919,297.400070346666,0.353670984506607
1309.73279717658,-2,1,10.4456991345406,76.1780451540008,305.15250881434554,1.18292808532715
0.0,0,1,10.2031540078284,76.2207151299964,319.944621340081,0.117799215018749
0.0,66,1,10.4322244052789,76.4834723506014,75.91562810693162,3.75408577919006
0.0,810,1,10.3154434183433,76.7933911236227,175.46300499049542,2.83535003662109
997.24620831568,-3,1,10.4277328288583,76.1600788483184,90.5541708337954,1.51142513751984
0.0,0,1,10.2143829488799,76.2139777653655,352.08619905645776,0.420089870691299
678.822509939086,-1,1,10.1896792785666,76.2791056234642,268.1543443896453,0.93833464384079
0.0,72,1,10.531039086532,76.3869034575586,165.81430869842723,3.06305861473083
800.49984384758,-4,1,10.5175643572702,76.1510956954772,72.24542260010827,0.165364921092987
1129.69022302576,-5,1,10.4883691105363,76.1757993657905,158.84381260048178,0.165357068181038
0.0,0,1,10.2615445012961,76.1960114596831,163.81416270936148,0.471272677183151
1034.456378974,-3,1,10.5669716978968,76.1398667544257,305.36216241832244,1.18488371372223
0.0,66,1,10.4367159816995,76.4857181388117,273.1451149743246,1.17870140075684
0.0,0,1,10.5692174861071,76.0432978613828,360.5244599017143,0.117937475442886
0.0,0,1,10.1896792785666,76.1802909422111,215.27522380668225,0.591507971286774
0.0,66,1,10.4367159816995,76.4834723506014,91.85798607840559,1.15920543670654
941.541289588513,-3,1,10.5400222393732,76.1533414836875,299.63567552804824,0.231871470808983
818.840643837371,-3,1,10.5332848747423,76.1466041190566,316.2747670159141,0.165369167923927
0.0,0,1,10.5445138157938,76.0635099552755,246.4470191493237,0.262807488441467
1315.90273196768,-3,1,10.4412075581201,76.1802909422111,319.8385129840963,0.0
1259.28551170892,-5,1,10.4838775341157,76.1847825186317,222.82845872753677,0.0
1154.51288429363,-2,1,10.425487040648,76.1735535775802,232.95649028369792,0.231871470808983
0.0,801,1,10.313197630133,76.8023742764638,199.63935642549237,1.97176003456116
1699.44108459223,28,1,10.7533721193516,76.359953999035,58.896694360433315,1.86196887493134
0.0,806,1,10.3087060537124,76.7597043004682,87.76199944765656,1.09867632389069
0.0,0,1,10.5445138157938,76.0545268024343,61.00021499035699,0.231871470808983
513.517283058711,-4,1,10.4995980515878,76.1308836015845,272.74364394232316,0.165360078215599
993.176721434811,-3,1,10.5355306629526,76.1600788483184,160.02459337671434,0.11593621224165
632.85069329187,-4,1,10.508581204429,76.1398667544257,227.99974190764598,0.0
915.860251348425,-3,1,10.5400222393732,76.1510956954772,367.64826587413256,0.0
1129.29181348312,-5,1,10.4793859576951,76.1735535775802,137.25228020210625,0.260125160217285
722.495674727538,-2,1,10.508581204429,76.1466041190566,193.63402306247042,0.934873223304749
0.0,0,1,10.5422680275835,76.0635099552755,314.442898490067,0.0
814.984662432368,-1,1,10.5108269926393,76.1533414836875,130.07935792206786,1.04995119571686
939.148550549912,-4,1,10.5355306629526,76.1555872718978,76.94296844007755,0.165369763970375
30.0,66,1,10.4299786170686,76.4722434095499,151.4130085198188,2.1610951423645
1465.40096901838,1,1,10.3648507589699,76.2364356474685,106.42745053890155,2.78904438018799
0.0,800,1,10.3109518419227,76.7574585122579,375.39417831990056,0.463735342025757
0.0,803,1,10.3064602655021,76.7776706061505,332.84213284754594,1.99531722068787
30.0,66,1,10.4479449227509,76.465506044919,271.69131477864823,1.2965794801712
0.0,813,1,10.3042144772918,76.7911453354124,355.0112065657012,3.06129550933838
30.0,66,1,10.4344701934891,76.4677518331293,331.28522691469004,1.85433411598206
635.688603012513,0,1,10.1896792785666,76.2746140470436,115.29952061011254,0.367209762334824
829.75900115636,-3,1,10.5175643572702,76.1533414836875,362.3956494714922,0.262789160013199
1120.08928215567,-1,1,10.4299786170686,76.1690620011595,238.76978467047775,0.679012596607208
524.785670536077,-6,1,10.4838775341157,76.1263920251639,332.6040543074219,0.11593621224165
0.0,74,1,10.5377764511629,76.3846576693483,363.6319549732226,3.0875837802887
1047.85495179438,-3,1,10.4209954642274,76.1668162129492,161.30121624015237,1.11634385585785
0.0,0,1,10.1919250667769,76.1915198832626,88.51817358468686,0.695584058761597
0.0,3,1,10.5332848747423,76.0388062849622,129.7773068896796,0.705507099628449
30.0,420,1,10.3176892065536,76.6406775253223,199.48772601918972,5.64870548248291
1025.2804494381,-1,1,10.4277328288583,76.1623246365286,336.3051680728726,1.00290966033936
1426.18371888057,-3,1,10.3626049707596,76.2341898592582,351.2557041397202,0.734430849552155
1020.0,-3,1,10.5400222393732,76.1600788483184,52.433245685916745,0.347804844379425
1214.907403879,-3,1,10.4434533463303,76.1713077893698,228.76155590214802,0.0
960.468635614927,0,1,10.486123322326,76.1623246365286,196.09385110207265,2.01692461967468
0.0,1,1,10.5220559336908,76.0365604967519,127.73773366475558,0.420219361782074
1207.84932835184,-5,1,10.4816317459054,76.1802909422111,91.95287856678898,0.26276484131813
1148.25955254028,3,1,10.4748943812745,76.1735535775802,168.1653099912698,2.24197435379028
1194.36175424366,0,1,10.3828170646523,76.1915198832626,380.0183963693817,0.949946463108063
0.0,800,1,10.3064602655021,76.7821621825711,163.12102620726432,1.85806930065155
1197.74788666063,-3,1,10.4524364991715,76.1668162129492,231.57671761017812,0.117892503738403
984.073168011404,-3,1,10.4591738638024,76.1510956954772,296.0566356133122,1.24406111240387
0.0,800,1,10.3176892065536,76.7866537589917,177.27036083275289,0.695584058761597
30.0,67,1,10.4412075581201,76.4902097152323,390.12372895233625,0.589421451091766
30.0,72,1,10.5422680275835,76.3958866103997,386.85655322973895,0.485733181238174
0.0,0,1,10.2121371606696,76.2184693417862,138.12380353887744,0.471200048923492
429.534631898291,-3,1,10.4906148987466,76.1219004487433,224.0369770623349,0.485657334327698
1149.82607380421,-5,1,10.4816317459054,76.1757993657905,155.30740843586938,0.165355250239372
30.0,71,1,10.5400222393732,76.3869034575586,149.69417303211367,1.88968443870544
276.586333718787,1,1,10.4995980515878,76.1129172959021,62.91043157408648,2.72624659538269
361.247837363769,-3,1,10.5220559336908,76.1129172959021,263.3475168929639,0.231871470808983
42.4264068711929,68,1,10.4434533463303,76.4902097152323,225.9376581301015,4.50781869888306
331.360830515618,-4,1,10.5018438397981,76.1174088723227,68.01756293749628,0.330718636512756
569.209978830308,-3,1,10.5175643572702,76.1331293897948,147.526262482814,0.0
835.703296631047,-3,1,10.5265475101114,76.1510956954772,367.8930600883288,0.231871470808983
913.892772703669,-5,1,10.4771401694848,76.1555872718978,133.84666173344033,0.330705344676971
0.0,0,1,10.207645584249,76.2252067064171,100.71320523192809,0.991596281528473
0.0,825,1,10.3042144772918,76.7821621825711,221.30846609714706,11.9760093688965
241.867732448956,-3,1,10.5130727808496,76.1084257194815,394.97765893871025,0.117915347218513
1178.81296226331,-6,1,10.4816317459054,76.1780451540008,134.71934502902513,0.231871470808983
1303.87882872604,-3,1,10.4389617699097,76.1802909422111,285.2474415920575,0.165343821048737
0.0,53,1,10.6343453442057,76.3127924466187,316.56686536505117,3.01156902313232
853.814968245462,-3,1,10.5243017219011,76.1533414836875,133.17314039733986,0.235838189721107
0.0,816,1,10.3087060537124,76.7619500886784,304.8757220141508,1.98416543006897
30.0,51,1,10.6320995559954,76.3127924466187,178.72409645173863,1.74250423908234
67.0820393249937,53,1,10.636591132416,76.3083008701981,271.3070407077528,2.08655571937561
1336.60016459673,-4,1,10.3895544292832,76.2005030361037,271.73539876631315,1.26643216609955
0.0,800,1,10.3109518419227,76.7484753594167,237.52113942616546,0.165309220552444
1404.56398928636,-1,1,10.4367159816995,76.1892740950523,81.6014195190429,1.59389472007751
600.0,-3,1,10.5040896280084,76.1376209662154,342.35587345623327,0.260129392147064
662.721661031236,-3,1,10.508581204429,76.142112542636,162.27302274010754,0.235826298594475
0.0,51,1,10.6343453442057,76.315038234829,115.28147863994899,0.586165070533752
0.0,0,1,10.2615445012961,76.1915198832626,64.27129954416736,0.11593621224165
0.0,801,1,10.3199349947639,76.7372464183651,256.81253011588467,1.08550274372101
394.588393138977,-4,1,10.4995980515878,76.1219004487433,287.14752664479886,0.0
0.0,0,1,10.1941708549872,76.202748824314,55.805740124749654,0.262571811676025
835.703296631047,-3,1,10.4569280755921,76.1353751780051,229.23257040474834,0.914470255374908
0.0,66,1,10.4367159816995,76.4812265623911,129.2735213192783,1.28052389621735
0.0,800,1,10.3109518419227,76.7552127240476,275.8104766433074,1.16517627239227
678.822509939086,-2,1,10.5422680275835,76.1263920251639,111.028250151747,0.117926396429539
1651.09054869804,-4,1,10.3760797000214,76.2454188003097,291.8282083358631,0.165327057242394
1366.23570440828,-5,1,10.4883691105363,76.1937656714729,185.3573712051881,1.40907418727875
778.267306264371,-4,1,10.4771401694848,76.1443583308463,377.85549605785707,0.0
0.0,801,1,10.313197630133,76.7844079707814,98.13233045109763,0.91153746843338
0.0,66,1,10.4389617699097,76.465506044919,169.37322286759047,0.0
1477.32867026942,1,1,10.3648507589699,76.2386814356788,89.71573243420617,2.2142641544342
1167.30458750062,0,1,10.5826922153689,76.1443583308463,373.642766397497,0.478497356176376
241.867732448956,-4,1,10.5018438397981,76.1106715076918,357.06877368334335,2.39553213119507
0.0,0,1,10.5400222393732,76.0635099552755,140.27956970030448,0.11593621224165
108.16653826392,72,1,10.5243017219011,76.39813239861,280.99441611196266,0.857323527336121
1008.4641788383,-4,1,10.4659112284333,76.1578330601081,336.02777007042556,0.11593621224165
0.0,0,1,10.5355306629526,76.0388062849622,244.32028405981183,0.260134786367416
1033.15052146335,-3,1,10.5377764511629,76.1623246365286,235.37770242460226,0.26280289888382
42.4264068711929,69,1,10.4546822873818,76.4632602567087,134.6483018151581,3.21791434288025
424.264068711929,-3,1,10.5287932983217,76.1129172959021,82.58596873206471,0.0
0.0,800,1,10.3176892065536,76.7888995472021,364.0255152836644,2.32045030593872
1130.88460949825,-3,1,10.4322244052789,76.1690620011595,365.1463200071657,0.260117143392563
1324.42440327865,-5,1,10.4816317459054,76.1892740950523,271.5855100456438,0.347804844379425
0.0,0,1,10.2211203135108,76.2341898592582,168.66042686704523,0.585661351680756
0.0,802,1,10.3087060537124,76.7844079707814,172.2233511144313,2.3582820892334
0.0,801,1,10.3176892065536,76.7911453354124,304.0844876045838,3.04809904098511
0.0,800,1,10.313197630133,76.7462295712064,363.988590983402,0.463735342025757
0.0,800,1,10.3109518419227,76.7844079707814,360.4802484927911,1.53592073917389
724.982758415674,-3,1,10.5265475101114,76.142112542636,322.95644105016834,0.11593621224165
582.494635168428,-3,1,10.5287932983217,76.1286378133742,274.7110761540007,0.0
1489.46299047677,2,1,10.3626049707596,76.2454188003097,79.44898774826709,1.21190047264099
0.0,68,1,10.4389617699097,76.4902097152323,106.57004993311482,0.845048666000366
0.0,0,1,10.1919250667769,76.187028306842,364.4939659844777,0.231871470808983
0.0,2,1,10.5198101454805,76.0365604967519,262.25017088085644,1.42044675350189
361.247837363769,-3,1,10.5018438397981,76.119654660533,53.21896806582038,0.165360689163208
30.0,1,1,10.5714632743174,76.0432978613828,85.51504000311124,1.09894514083862
0.0,67,1,10.4412075581201,76.4677518331293,282.2256191878195,2.36331343650818
0.0,66,1,10.4479449227509,76.4677518331293,51.77155434617654,1.40465521812439
524.785670536077,-3,1,10.5243017219011,76.1263920251639,106.28281799612452,0.165366739034653
1484.31802522236,-3,1,10.4771401694848,76.2005030361037,242.05682627830515,1.16518259048462
600.0,-3,1,10.531039086532,76.1286378133742,292.1633191924426,0.0
30.0,79,1,10.5287932983217,76.3801660929277,278.18644082591015,1.89999139308929
632.85069329187,-3,1,10.5287932983217,76.1331293897948,128.49425831119592,0.11792129278183
30.0,72,1,10.5220559336908,76.3869034575586,299.26272747163756,2.31507635116577
30.0,66,1,10.4389617699097,76.4632602567087,133.03718062388003,1.41436398029327
0.0,1,1,10.2031540078284,76.2184693417862,163.8898943557437,1.07868790626526
0.0,0,1,10.1964166431975,76.2049946125243,311.27199179130844,0.934858500957489
1087.47413762351,-4,1,10.4524364991715,76.1578330601081,277.3715146665252,0.117892503738403
1678.39208768392,-2,1,10.3783254882317,76.2454188003097,347.2281936729623,0.165327653288841
0.0,434,1,10.313197630133,76.6406775253223,280.1645123051202,11.3834915161133
0.0,1,1,10.5063354162187,76.0859678373785,248.90801116741505,0.679057478904724
1475.80486514986,-1,1,10.3626049707596,76.2431730120994,82.78616873983236,1.16616094112396
891.96412483911,-3,1,10.5265475101114,76.1555872718978,178.70053107080173,0.11593621224165
436.806593356831,-3,1,10.5130727808496,76.1241462369536,142.8208286886039,0.11593621224165
0.0,0,1,10.2188745253005,76.2117319771552,135.39637518267926,0.463735342025757
42.4264068711929,55,1,10.6320995559954,76.3105466584084,390.55369416335594,4.64076232910156
607.453701939498,1,1,10.1896792785666,76.2723682588333,187.58420363336614,1.35930323600769
216.333076527839,-2,1,10.5130727808496,76.1061799312712,362.21629431198966,1.89283609390259
1158.01554393713,-5,1,10.4793859576951,76.1757993657905,270.898519099042,1.16518270969391
30.0,66,1,10.4456991345406,76.465506044919,328.18395623957696,1.76779091358185
1176.52029306765,-2,1,10.4299786170686,76.1735535775802,225.92298258681723,0.165341421961784
1081.6653826392,-4,1,10.4277328288583,76.1668162129492,251.9163596192257,0.347804844379425
1353.66170072142,-4,1,10.4816317459054,76.1915198832626,222.38119283660237,0.695584058761597
785.175139698144,-3,1,10.5108269926393,76.1510956954772,118.33504572931558,0.679060101509094
658.634952003005,-3,1,10.5287932983217,76.1353751780051,302.8582403415269,0.26279678940773
0.0,0,1,10.5422680275835,76.0500352260137,148.27032685429953,0.353775173425674
968.400743494138,-4,1,10.4838775341157,76.1623246365286,58.51058825100884,2.4771625995636
1194.73846510439,0,1,10.5871837917895,76.1443583308463,275.9153035675088,0.330765962600708
0.0,68,1,10.4299786170686,76.4744891977602,111.98873779246713,1.35783457756042
0.0,66,1,10.4389617699097,76.4699976213396,379.16050452352,2.08593249320984
0.0,803,1,10.3176892065536,76.7372464183651,383.8750019509056,7.62237930297852
0.0,0,1,10.2053997960387,76.2296982828376,370.202536577157,0.914033472537994
0.0,418,1,10.3154434183433,76.638431737112,179.55554508940554,0.495920181274414
1437.81083595861,-3,1,10.3626049707596,76.2364356474685,55.4098157851036,0.117858909070492
900.499861188218,-5,1,10.4704028048539,76.1510956954772,374.91149690570387,0.11593621224165
1299.73074134607,-3,1,10.4322244052789,76.1825367304214,199.86445191106,0.117884919047356
0.0,801,1,10.313197630133,76.8001284882535,388.32918666528434,1.49927890300751
827.586853448023,-3,1,10.4614196520127,76.1376209662154,387.2669919812385,0.0
792.022726946645,6,1,10.553496968635,76.1263920251639,348.553309413576,2.08603930473328
630.713881248859,-4,1,10.5063354162187,76.1398667544257,153.057112224355,0.11593621224165
0.0,1,1,10.1896792785666,76.1825367304214,184.78420501067384,0.262568861246109
1253.55494494657,-4,1,10.4524364991715,76.1713077893698,347.8978350308999,0.165347427129745
442.944691807002,-3,1,10.4883691105363,76.1219004487433,160.92270180469717,0.950260639190674
570.788927713213,-4,1,10.5018438397981,76.1353751780051,109.32246134013238,0.117911107838154
510.0,-5,1,10.486123322326,76.1263920251639,244.88044186042256,0.231871470808983
600.749531835024,-5,1,10.5063354162187,76.1376209662154,377.65417095627333,0.11593621224165
416.773319683494,-1,1,10.5332848747423,76.1061799312712,293.61042883624054,0.165369167923927
0.0,3,1,10.2166287370902,76.2139777653655,249.52140953127773,1.15683710575104
120.0,67,1,10.4501907109612,76.4924555034426,84.01177281976899,0.235782325267792
271.661554144123,-4,1,10.5018438397981,76.1129172959021,265.2525293447094,0.705505073070526
0.0,70,1,10.5287932983217,76.3869034575586,396.51884753649216,2.36845016479492
492.036584005702,-3,1,10.5355306629526,76.1129172959021,99.02940533278341,0.165369763970375
134.164078649987,63,1,10.6298537677852,76.3240213876702,231.41537832730785,2.00162172317505
67.0820393249937,73,1,10.5243017219011,76.3801660929277,357.0805751747844,1.21195363998413
1040.09614940158,-4,1,10.4614196520127,76.1578330601081,309.26901621397155,0.485614627599716
0.0,66,1,10.4322244052789,76.4722434095499,293.95550934834375,1.06084454059601
1170.0,-2,1,10.4344701934891,76.1713077893698,295.8694293954883,0.347804844379425
432.666153055679,-3,1,10.5220559336908,76.119654660533,175.8219029269143,0.0
0.0,802,1,10.313197630133,76.7956369118329,152.75714549257268,0.749767780303955
872.066511224918,1,1,10.508581204429,76.1578330601081,333.27640441747974,2.08925676345825
509.116882454314,-2,1,10.531039086532,76.119654660533,333.53968813771326,0.262798309326172
674.166151627327,-3,1,10.5220559336908,76.1398667544257,353.47531150303627,0.11593621224165
0.0,1,1,10.2143829488799,76.2229609182068,369.63419339476496,1.66421365737915
150.0,67,1,10.4389617699097,76.5036844444941,228.96983960132823,2.51952528953552
30.0,0,1,10.2637902895064,76.1892740950523,225.53070314051985,0.780222356319428
1142.36596587959,-2,1,10.5782006389483,76.1443583308463,329.4033126383713,0.788451671600342
952.942810456116,-3,1,10.5377764511629,76.1555872718978,277.4873757722178,0.11593621224165
1036.19496235023,-2,1,10.5332848747423,76.1645704247389,295.6884070401962,0.165369167923927
30.0,1,1,10.508581204429,76.0904594137991,328.52743430263536,0.420213639736176
0.0,803,1,10.3109518419227,76.7866537589917,361.50186963614823,3.43158316612244
1215.64797536129,-5,1,10.4793859576951,76.1802909422111,168.29830489803754,1.06100392341614
742.765104188397,-4,1,10.5422680275835,76.1331293897948,181.4540334239804,0.367252171039581
807.774721070176,-4,1,10.4816317459054,76.1488499072669,82.89367894430416,0.422930151224136
637.808748764079,-2,1,10.5422680275835,76.1219004487433,252.3980493486609,1.29670453071594
0.0,66,1,10.4367159816995,76.4699976213396,62.57979582885973,0.0
0.0,0,1,10.1919250667769,76.1847825186317,212.95930634636105,0.938336253166199
60.0,66,1,10.4389617699097,76.4969470798632,239.9256221476518,2.34423446655273
42.4264068711929,66,1,10.4299786170686,76.4857181388117,150.28943824489954,1.07914185523987
792.590688817374,-5,1,10.4748943812745,76.1443583308463,256.7916411991538,0.165353447198868
0.0,0,1,10.2480697720344,76.2005030361037,60.6750874786673,0.485303223133087
657.951365983839,-3,1,10.5422680275835,76.1241462369536,63.07186606222505,0.463735342025757
268.328157299975,-3,1,10.5130727808496,76.1106715076918,337.9101962308804,0.16536371409893
0.0,805,1,10.3176892065536,76.7821621825711,176.06672449394202,2.73278498649597
986.813052203912,-3,1,10.5287932983217,76.1623246365286,94.47117942815967,0.11792129278183
0.0,801,1,10.3154434183433,76.7978827000432,232.78514101918154,3.0107307434082
684.105255059483,-3,1,10.5175643572702,76.142112542636,319.4977435845138,0.330727100372314
1412.23227551278,-4,1,10.4816317459054,76.1960114596831,125.53735962389511,0.11593621224165
1213.4249049694,-2,1,10.3873086410729,76.1915198832626,268.01166653665007,0.372120589017868
0.0,71,1,10.5377764511629,76.3869034575586,79.8716127478188,2.0039050579071
757.165767847438,-6,1,10.4726485930642,76.1398667544257,68.0886024090127,0.260124027729034
335.410196624968,72,1,10.553496968635,76.4160987042924,235.9741210488518,1.53712022304535
30.0,67,1,10.4322244052789,76.4699976213396,239.22229256353728,2.8975088596344
956.713123146118,-3,1,10.4569280755921,76.1466041190566,273.1004655243723,0.26012134552002
42.4264068711929,67,1,10.4434533463303,76.4947012916529,304.1319668029315,5.13549280166626
1060.23582282434,-1,1,10.4232412524377,76.1668162129492,391.5482278118871,1.31703519821167
0.0,72,1,10.5198101454805,76.3913950339792,230.70512190541837,1.94210302829742
692.603782836912,-2,1,10.508581204429,76.1443583308463,163.03476552943607,0.591531753540039
804.984471899924,-5,1,10.4771401694848,76.1466041190566,328.3151681690463,0.165354043245316
615.548535860496,-2,1,10.5377764511629,76.1241462369536,144.79128794172598,0.0
636.396103067893,-3,1,10.5400222393732,76.1241462369536,203.63999724697263,0.165370985865593
0.0,67,1,10.4389617699097,76.4924555034426,77.4597334697931,0.165343821048737
510.881590977792,-4,1,10.5018438397981,76.1308836015845,58.87276019541013,0.0
0.0,66,1,10.4389617699097,76.4677518331293,386.9269451372738,0.11593621224165
551.543289325507,-2,1,10.5332848747423,76.1219004487433,342.59304217927206,0.11593621224165
953.414914924242,-2,1,10.5332848747423,76.1578330601081,293.59097213279426,0.165369167923927
1116.0645142643,-3,1,10.4546822873818,76.1600788483184,193.13353054499447,0.260120958089828
846.935652809586,-2,1,10.5287932983217,76.1510956954772,110.65301202479603,0.0
0.0,800,1,10.3087060537124,76.7709332415196,104.75296493488011,1.39594173431396
1087.47413762351,-2,1,10.5377764511629,76.1668162129492,137.58501435760837,0.0
0.0,1,1,10.207645584249,76.2296982828376,242.22933264714217,0.832658767700195
589.406481131655,-3,1,10.5153185690599,76.1353751780051,300.1085729450218,0.0
1106.34533487515,-5,1,10.486123322326,76.1735535775802,281.06908185120596,0.0
0.0,0,1,10.5355306629526,76.0410520731725,147.97686393108,0.478492736816406
0.0,66,1,10.4524364991715,76.465506044919,384.20284823211796,1.88915729522705
1295.22198869537,-4,1,10.4816317459054,76.187028306842,308.263920843519,0.26276484131813
442.944691807002,-2,1,10.5198101454805,76.1219004487433,244.02391837899023,0.0
323.10988842807,-3,1,10.5130727808496,76.1151630841124,264.1022611820233,0.16536371409893
740.945342113708,-3,1,10.5243017219011,76.1443583308463,196.86002184972648,0.117919594049454
480.0,-3,1,10.5040896280084,76.1286378133742,136.7058463254051,0.165361300110817
0.0,0,1,10.1919250667769,76.1892740950523,174.59043752794156,0.347804844379425
0.0,2,1,10.531039086532,76.0343147085416,315.2461386625292,0.47849228978157
848.528137423857,-3,1,10.5130727808496,76.1555872718978,55.03772102041455,0.235829696059227
1596.77800586055,0,1,10.3715881236008,76.2454188003097,90.62542417742068,1.88867485523224
0.0,801,1,10.3109518419227,76.7619500886784,66.10092470761346,2.43604493141174
755.38069872085,-4,1,10.5108269926393,76.1488499072669,64.25508081163954,0.0
1142.36596587959,-3,1,10.4344701934891,76.1690620011595,349.41120440385254,0.0
0.0,73,1,10.5287932983217,76.382411881138,296.2802507830083,1.6804370880127
1477.32867026942,-4,1,10.4793859576951,76.2005030361037,215.96084018056382,0.372218996286392
1064.04887105809,-5,1,10.4748943812745,76.1668162129492,84.24195622785052,0.11593621224165
845.340168216322,-3,1,10.5332848747423,76.1488499072669,222.06555629089132,0.11593621224165
496.588360717406,-2,1,10.5198101454805,76.1263920251639,215.71511977319798,0.11593621224165
1180.72011924927,2,1,10.5849380035792,76.1443583308463,110.62065446850531,0.70762574672699
0.0,800,1,10.3042144772918,76.7799163943608,201.84807723329055,2.72878694534302
457.930125674212,-3,1,10.5220559336908,76.1219004487433,189.4766570390807,0.165366128087044
60.0,67,1,10.4322244052789,76.465506044919,265.5475343182758,1.52938985824585
953.414914924242,-2,1,10.4883691105363,76.1623246365286,272.28277780367534,1.53241491317749
579.396237474839,-3,1,10.5198101454805,76.1331293897948,65.85640342021559,0.235834792256355
0.0,5,1,10.1964166431975,76.2072404007346,181.11441511926492,1.92000663280487
0.0,66,1,10.4456991345406,76.4677518331293,269.0509704999827,1.95187485218048
342.052627529741,-4,1,10.5198101454805,76.1129172959021,226.0976905030307,0.117917895317078
1056.83489722851,-3,1,10.4591738638024,76.1578330601081,349.7714444159128,0.525488257408142
615.548535860496,-2,1,10.5400222393732,76.1219004487433,280.54277106663073,0.165370985865593
30.0,71,1,10.4412075581201,76.487963927022,107.02704947850039,4.77471923828125
0.0,800,1,10.3109518419227,76.7597043004682,74.69906159015045,2.43604493141174
573.149195236284,-3,1,10.5355306629526,76.1219004487433,274.8467473722105,0.372279435396194
0.0,70,1,10.5332848747423,76.3869034575586,59.27895868956763,0.262799829244614
0.0,66,1,10.4389617699097,76.4857181388117,255.02145344571215,2.35096907615662
1477.32867026942,-4,1,10.3603591825493,76.24766458852,379.08058449873516,0.478476524353027
1020.4410811017,-2,1,10.5355306629526,76.1623246365286,251.41596225655763,0.117923840880394
0.0,0,1,10.230103466352,76.2252067064171,185.85947417228266,0.262595444917679
825.408989531856,-4,1,10.5243017219011,76.1510956954772,275.1508764548236,0.0
0.0,806,1,10.3109518419227,76.7888995472021,210.38851167203083,4.63331317901611
42.4264068711929,53,1,10.6320995559954,76.3172840230393,240.96587626057723,3.06856942176819
1106.7520047418,-3,1,10.4591738638024,76.1623246365286,379.5126830717838,0.16534923017025
1663.85095486345,-4,1,10.3760797000214,76.24766458852,185.13592323027098,0.165327057242394
0.0,70,1,10.5243017219011,76.3891492457689,386.41669733837,1.2292332649231
335.410196624968,-6,1,10.4995980515878,76.1174088723227,366.8727246846223,0.260128617286682
0.0,808,1,10.3087060537124,76.7641958768887,118.52689717625375,2.96225309371948
1331.54046127033,-1,1,10.4793859576951,76.1892740950523,74.27645530630791,3.31868815422058
408.044115262063,-3,1,10.5220559336908,76.1174088723227,85.27230048209933,0.0
536.65631459995,-2,1,10.5220559336908,76.1286378133742,56.377638978042405,0.0
483.735464897913,-3,1,10.486123322326,76.1241462369536,83.05503626457494,0.422934383153915
752.396172239067,-3,1,10.5265475101114,76.1443583308463,289.0523706957249,0.117920443415642
30.0,66,1,10.4434533463303,76.465506044919,74.91602696108015,0.353663384914398
1347.33069437314,-3,1,10.4838775341157,76.1915198832626,161.64147060281647,1.27508950233459
1060.23582282434,-1,1,10.5782006389483,76.1376209662154,345.7063588393091,2.23164677619934
0.0,805,1,10.3087060537124,76.766441665099,58.14517750753905,3.79499816894531
0.0,0,1,10.2188745253005,76.2229609182068,335.0639689061275,0.371940612792969
1138.41995766062,-3,1,10.4771401694848,76.1735535775802,148.64917117068998,1.49976623058319
534.134814442946,-3,1,10.5377764511629,76.1151630841124,91.35768966757969,0.26280289888382
335.410196624968,-2,1,10.5153185690599,76.1151630841124,293.85800787745274,0.0
642.028036770981,-2,1,10.5332848747423,76.1308836015845,270.1299963729594,0.11593621224165
1170.0,-2,1,10.5377764511629,76.1735535775802,357.11520473446853,0.37228187918663
0.0,806,1,10.3154434183433,76.7888995472021,307.27486533136005,2.82693457603455
863.770802933278,-3,1,10.5265475101114,76.1533414836875,331.218325634697,0.11593621224165
742.765104188397,-2,1,10.463665440223,76.1308836015845,148.71210039995725,1.68264710903168
0.0,0,1,10.5579885450556,76.0432978613828,112.10384032290298,0.895737767219543
0.0,1,1,10.5490053922144,76.0477894378034,312.7151630743004,0.586057722568512
0.0,0,1,10.2637902895064,76.1915198832626,332.3921587435424,0.485325694084168
0.0,70,1,10.5220559336908,76.3891492457689,396.6767997002357,0.347804844379425
1690.94648052503,-3,1,10.3783254882317,76.24766458852,194.41618691899927,0.949933171272278
1570.63681352501,-3,1,10.3670965471802,76.2499103767303,180.2063300274741,0.347804844379425
0.0,0,1,10.1874334903563,76.1780451540008,321.7445362596989,0.165276825428009
150.0,70,1,10.4524364991715,76.4924555034426,169.28123908855625,6.99258661270142
0.0,0,1,10.2233661017211,76.2094861889449,375.7650639612477,0.585663974285126
1376.73526867005,-4,1,10.4838775341157,76.1937656714729,350.44446314505416,0.165355861186981
1060.23582282434,-2,1,10.5377764511629,76.1645704247389,200.1479095812564,0.165370374917984
647.610994347687,-4,1,10.5153185690599,76.1398667544257,312.8048737270241,0.117916196584702
0.0,0,1,10.2166287370902,76.2229609182068,314.09000592963883,0.262586563825607
597.745765355138,-3,1,10.5175643572702,76.1353751780051,86.09335409257642,0.11593621224165
664.07830863536,-3,1,10.5198101454805,76.1398667544257,365.8935173378483,0.117917895317078
1337.94618725867,-3,1,10.4456991345406,76.1802909422111,226.83833035675,0.583197355270386
445.982062419555,-3,1,10.5265475101114,76.1174088723227,339.2601131377096,0.11593621224165
1124.49988883948,-5,1,10.4906148987466,76.1757993657905,162.01736036071412,0.11593621224165
30.0,77,1,10.4299786170686,76.4834723506014,363.4331299736702,6.21417140960693
902.496537389479,-2,1,10.5220559336908,76.1578330601081,186.2205875569571,0.330729514360428
0.0,801,1,10.3064602655021,76.7844079707814,53.79317801810443,7.03749465942383
1158.79247494968,-2,1,10.4726485930642,76.1735535775802,366.8836917467423,1.65421056747437
1043.55162785557,-3,1,10.5692174861071,76.1398667544257,81.95033687514675,0.367255717515945
1186.80242669115,-6,1,10.4793859576951,76.1780451540008,161.75977315664522,0.811500310897827
30.0,68,1,10.4434533463303,76.4924555034426,382.5216884677817,0.260119050741196
30.0,66,1,10.4412075581201,76.4767349859705,382.71250142814466,2.42461538314819
1325.44332206247,-4,1,10.4951064751672,76.1915198832626,250.70326084315013,1.10161864757538
823.771813064759,-1,1,10.4928606869569,76.1533414836875,271.14302425942975,1.09886300563812
0.0,66,1,10.4367159816995,76.4677518331293,206.95593269241192,0.0
0.0,801,1,10.3087060537124,76.7686874533093,152.6237700943226,3.97921681404114
915.860251348425,2,1,10.5804464271586,76.1241462369536,165.0325908794706,1.15752351284027
573.149195236284,-2,1,10.5332848747423,76.1241462369536,285.3814596269634,0.117922991514206
0.0,1,1,10.5355306629526,76.0590183788549,313.331085303188,0.367251336574554
30.0,66,1,10.4344701934891,76.4699976213396,327.05266530404697,0.11593621224165
831.925477431723,-5,1,10.4501907109612,76.1376209662154,326.36634997809387,0.330690890550613
0.0,801,1,10.3109518419227,76.7529669358373,81.92213606704163,1.9736567735672
30.0,68,1,10.4389617699097,76.4812265623911,223.0471066459035,3.01910662651062
1462.63460918987,-4,1,10.3626049707596,76.2409272238891,70.1455660058255,0.353572756052017
30.0,66,1,10.4389617699097,76.4722434095499,242.33510881330744,1.50682532787323
534.134814442946,-2,1,10.5287932983217,76.1241462369536,204.53567548068196,0.11792129278183
553.172667437573,-2,1,10.5130727808496,76.1331293897948,360.6964639654049,0.260130941867828
816.088230524127,-3,1,10.5220559336908,76.1510956954772,172.82025439322754,0.11593621224165
523.927475897189,-2,1,10.5130727808496,76.1308836015845,90.97345574966205,0.16536371409893
1209.33866224478,4,1,10.5894295799998,76.1443583308463,100.04708871849255,1.04995465278625
30.0,0,1,10.2525613484549,76.2005030361037,316.5287211011153,0.6003657579422
914.38503924769,-3,1,10.5579885450556,76.1353751780051,266.37632216069136,0.826827168464661
1462.94224082839,-2,1,10.3603591825493,76.2454188003097,85.3929366429766,0.625749289989471
30.0,66,1,10.4524364991715,76.4632602567087,79.4373821402491,1.73620617389679
0.0,66,1,10.4412075581201,76.465506044919,295.33919601069204,0.235775575041771
0.0,66,1,10.4344701934891,76.4722434095499,75.46705222746773,0.589408814907074
876.184911990614,-2,1,10.5579885450556,76.1308836015845,337.6510207516247,1.58594918251038
364.965751817893,-5,1,10.4995980515878,76.119654660533,297.1847795047737,0.235819518566132
1075.4068997361,-3,1,10.5355306629526,76.1668162129492,78.47207322466491,0.260134786367416
1114.85425056372,2,1,10.4704028048539,76.1690620011595,79.69319992981717,2.53590607643127
510.0,-4,1,10.5220559336908,76.1263920251639,395.3238524754114,0.11593621224165
0.0,70,1,10.5243017219011,76.3869034575586,180.99477851464212,2.25128269195557
1103.08657865101,-3,1,10.5355306629526,76.1690620011595,179.72475147341183,0.11593621224165
0.0,70,1,10.5422680275835,76.3869034575586,334.4798485401259,0.943327248096466
384.187454245971,-4,1,10.5287932983217,76.1084257194815,381.53700208435055,0.11593621224165
0.0,2,1,10.1896792785666,76.1847825186317,395.10037233800483,0.780185401439667
0.0,66,1,10.4344701934891,76.4834723506014,313.6823648406296,1.53215169906616
833.546639366988,-3,1,10.5355306629526,76.1466041190566,181.6908549358205,0.11593621224165
30.0,66,1,10.4344701934891,76.465506044919,79.22525084453406,3.29919028282166
30.0,66,1,10.4277328288583,76.4744891977602,322.0014205746029,2.47835874557495
1382.93166859393,-2,1,10.4322244052789,76.1892740950523,245.44148740753175,0.117884919047356
576.281181368956,-2,1,10.531039086532,76.1263920251639,198.4777032364417,0.11593621224165
1436.55838725755,-3,1,10.358113394339,76.2454188003097,367.2240347831576,1.18409407138824
0.0,66,1,10.4412075581201,76.4924555034426,88.91911880715297,0.165344417095184
30.0,69,1,10.4412075581201,76.4632602567087,222.4187865018007,0.705501258373261
692.603782836912,-4,1,10.5198101454805,76.142112542636,53.97377566859667,0.0
1120.08928215567,-4,1,10.4748943812745,76.1713077893698,214.0312246979442,0.971198916435242
931.450481775602,1,1,10.5624801214762,76.1331293897948,69.70614648864307,2.34494638442993
134.164078649987,77,1,10.5243017219011,76.4003781868203,91.58627069382517,2.65630602836609
737.902432574931,-4,1,10.4793859576951,76.142112542636,91.13418637198671,0.695584058761597
926.120942425988,-4,1,10.5332848747423,76.1555872718978,277.22360574062225,0.165369167923927
1302.49760076554,-3,1,10.4793859576951,76.187028306842,311.11570774289817,2.32940244674683
1072.05410311234,-1,1,10.425487040648,76.1668162129492,254.17906778400587,0.788136720657349
607.453701939498,-2,1,10.5198101454805,76.1353751780051,386.7603919660897,0.0
0.0,801,1,10.3154434183433,76.7866537589917,181.2047028332964,0.0
1015.13545894132,0,1,10.425487040648,76.1623246365286,149.99923019865128,0.37216129899025
1075.4068997361,-2,1,10.575954850738,76.1398667544257,354.0096948663111,0.262830436229706
540.832691319598,-3,1,10.5175643572702,76.1308836015845,128.25854348180843,0.231871470808983
0.0,0,1,10.5175643572702,76.0388062849622,387.12788880421397,0.422964155673981
1274.55874717488,-5,1,10.6994732023044,76.0545268024343,54.25406614143572,1.45762968063355
0.0,3,1,10.2166287370902,76.2184693417862,389.45758934767366,1.00267744064331
391.152144312159,-5,1,10.5018438397981,76.1219004487433,65.10596918270164,0.165360689163208
0.0,0,1,10.2053997960387,76.2274524946274,361.90008979432486,0.463735342025757
1224.13234578619,-5,1,10.4771401694848,76.1802909422111,234.69538818020496,0.992027878761292
0.0,800,1,10.3176892065536,76.7394922065755,397.5376786417551,0.495921969413757
721.248916810278,-3,1,10.5445138157938,76.1286378133742,75.8287976573896,0.0
0.0,800,1,10.3154434183433,76.7417379947858,243.84899954046227,1.88768517971039
1110.0,-5,1,10.4771401694848,76.1713077893698,389.2558874666846,0.117901794612408
0.0,0,1,10.207645584249,76.2274524946274,233.08424545955208,0.117800861597061
30.0,71,1,10.5355306629526,76.3869034575586,270.28952334734186,1.41953885555267
0.0,800,1,10.3199349947639,76.7821621825711,293.512041144616,1.51051378250122
30.0,804,1,10.3221807829742,76.7776706061505,209.08937266872064,5.6635856628418
30.0,51,1,10.6343453442057,76.3105466584084,269.6453280294222,1.16518878936768
797.119815335185,-3,1,10.5243017219011,76.1488499072669,254.51000917308508,0.117919594049454
0.0,0,1,10.5512511804247,76.0455436495931,365.4053036718461,0.707548916339874
810.555365166378,-3,1,10.553496968635,76.1286378133742,65.90623311951026,1.06757462024689
725.603197346869,-3,1,10.5108269926393,76.1466041190566,148.3371163572806,0.262784600257874
1410.31911282518,-1,1,10.3558676061287,76.2454188003097,382.6440194267956,0.949866771697998
488.364617882991,-3,1,10.5287932983217,76.119654660533,361.5923243618207,0.11593621224165
859.069263796581,-2,1,10.4456991345406,76.142112542636,209.47986347499952,0.420187085866928
878.236870098267,-4,1,10.5130727808496,76.1578330601081,267.04640923053785,0.716891944408417
483.735464897913,-2,1,10.5220559336908,76.1241462369536,147.08341404339643,0.165366128087044
590.931468107766,-3,1,10.5220559336908,76.1331293897948,115.84240590331646,0.117918744683266
0.0,66,1,10.4389617699097,76.4789807741808,212.29444172899375,1.29669034481049
442.944691807002,-3,1,10.5355306629526,76.1061799312712,173.67327980911847,0.262801378965378
1181.86293621553,-4,1,10.4367159816995,76.1713077893698,254.27963914780523,0.11593621224165
0.0,0,1,10.5377764511629,76.052281014224,77.20712293774469,0.26280289888382
1406.16499743096,-4,1,10.4838775341157,76.1960114596831,391.03818268315825,0.833375871181488
0.0,418,1,10.313197630133,76.638431737112,395.173760567861,3.74868106842041
